filename,filepath,url,content_type,file_size,parsed,parse_text_length,head_snippet
36569dd9f987a996afefc9d54375067e.pdf,research_results/documents/raw/36569dd9f987a996afefc9d54375067e.pdf,https://www.oregon.gov/ohcs/development/Documents/admin/09-16-2021-DEI-Agreement.pdf,text/html; charset=utf-8,75327,True,148125,"<!DOCTYPE html> <!-- DO NOT ALTER OR DETACH FROM SITE DEFINITION WITHOUT CONSULTING NIC CREATIVE SERVICES -->   <!-- Legacy Controls -->  <!-- Necessary to use TemplateSettings -->  <!-- HTML "
4e61daf9249f61c5361c07e4550f5841.pdf,research_results/documents/raw/4e61daf9249f61c5361c07e4550f5841.pdf,https://www.oregon.gov/ohcs/development/Documents/admin/09-02-2021-detailed-survey-report.pdf,text/html; charset=utf-8,79621,True,695867,"<!DOCTYPE html> <!-- DO NOT ALTER OR DETACH FROM SITE DEFINITION WITHOUT CONSULTING NIC CREATIVE SERVICES -->   <!-- Legacy Controls -->  <!-- Necessary to use TemplateSettings -->  <!-- HTML "
6720cce5df6f2af6c02ee697cb4d744d.pdf,research_results/documents/raw/6720cce5df6f2af6c02ee697cb4d744d.pdf,https://www.clackamas.us/finance/purchasing.html,text/html; charset=UTF-8,43128,False,,"<!DOCTYPE html> <html  lang=""en"" dir=""ltr"">   <head>     <meta charset=""utf-8"" /> <script async src=""https://www.googletagmanager.com/gtag/js?id=UA-113453671-1""></script> <script>window.dataLayer = wi"
45bf54a4495ba60ede362231dd0da1e0.pdf,research_results/documents/raw/45bf54a4495ba60ede362231dd0da1e0.pdf,https://www.clackamas.us/how-to-bid-on-county-projects,text/html; charset=UTF-8,43843,False,,"<!DOCTYPE html> <html  lang=""en"" dir=""ltr"">   <head>     <meta charset=""utf-8"" /> <script async src=""https://www.googletagmanager.com/gtag/js?id=UA-113453671-1""></script> <script>window.dataLayer = wi"
00bbb5966ff0859c071bc43fa6386c9d.pdf,research_results/documents/raw/00bbb5966ff0859c071bc43fa6386c9d.pdf,https://www.clackamas.us/counsel/civil-rights,text/html; charset=UTF-8,43749,False,,"<!DOCTYPE html> <html  lang=""en"" dir=""ltr"">   <head>     <meta charset=""utf-8"" /> <script async src=""https://www.googletagmanager.com/gtag/js?id=UA-113453671-1""></script> <script>window.dataLayer = wi"
b05c82bfa042681e8338446ee601af76.pdf,research_results/documents/raw/b05c82bfa042681e8338446ee601af76.pdf,https://www.clackamas.us/h3s/notice-of-nondiscrimination,text/html; charset=UTF-8,45743,False,,"<!DOCTYPE html> <html  lang=""en"" dir=""ltr"">   <head>     <meta charset=""utf-8"" /> <script async src=""https://www.googletagmanager.com/gtag/js?id=UA-113453671-1""></script> <script>window.dataLayer = wi"
7736b65892b15c98e2c4d9258adcc07d.pdf,research_results/documents/raw/7736b65892b15c98e2c4d9258adcc07d.pdf,https://www.clackamas.us/counsel/civilcomplaint,text/html; charset=UTF-8,105759,False,,"<!DOCTYPE html> <html  lang=""en"" dir=""ltr"">   <head>     <meta charset=""utf-8"" /> <script async src=""https://www.googletagmanager.com/gtag/js?id=UA-113453671-1""></script> <script>window.dataLayer = wi"
100a2782811f015bde2d1fa736713380.pdf,research_results/documents/raw/100a2782811f015bde2d1fa736713380.pdf,https://www.clackamas.us/transportation/adagrievance.html,text/html; charset=UTF-8,54464,False,,"<!DOCTYPE html> <html  lang=""en"" dir=""ltr"">   <head>     <meta charset=""utf-8"" /> <script async src=""https://www.googletagmanager.com/gtag/js?id=UA-113453671-1""></script> <script>window.dataLayer = wi"
22fa72053d30ecdee5af9c658dbf71d3.pdf,research_results/documents/raw/22fa72053d30ecdee5af9c658dbf71d3.pdf,https://www.clackamas.us/behavioralhealth/commitment.html,text/html; charset=UTF-8,42610,False,,"<!DOCTYPE html> <html  lang=""en"" dir=""ltr"">   <head>     <meta charset=""utf-8"" /> <script async src=""https://www.googletagmanager.com/gtag/js?id=UA-113453671-1""></script> <script>window.dataLayer = wi"
c0177b1766b2a160423fdc92c77e48b1.pdf,research_results/documents/raw/c0177b1766b2a160423fdc92c77e48b1.pdf,https://www.clackamas.us/da/victimassist.html,text/html; charset=UTF-8,61268,False,,"<!DOCTYPE html> <html  lang=""en"" dir=""ltr"">   <head>     <meta charset=""utf-8"" /> <script async src=""https://www.googletagmanager.com/gtag/js?id=UA-113453671-1""></script> <script>window.dataLayer = wi"
d3af221445bbd78ca6beb68b5e9b8104.pdf,research_results/documents/raw/d3af221445bbd78ca6beb68b5e9b8104.pdf,https://sos.oregon.gov/Pages/contractingopportunities.aspx,text/html; charset=utf-8,36815,False,,"<!doctype html>  <html lang=""en"">    <head><meta charset=""utf-8"" /><meta name=""GENERATOR"" content=""Microsoft SharePoint"" /><meta http-equiv=""Content-type"" content=""text/html; charset=utf-8"" /><met"
c8566b1fc2217094b6e34956a12bf9ff.pdf,research_results/documents/raw/c8566b1fc2217094b6e34956a12bf9ff.pdf,https://www.oregon.gov/das/opm/pages/proposal.aspx,text/html; charset=utf-8,115978,False,,"<!DOCTYPE html> <!-- DO NOT ALTER OR DETACH FROM SITE DEFINITION WITHOUT CONSULTING NIC CREATIVE SERVICES -->   <!-- Legacy Controls -->  <!-- Necessary to use TemplateSettings -->  <!-- HTML "
7c10c4ff6f36723064938455f333476a.pdf,research_results/documents/raw/7c10c4ff6f36723064938455f333476a.pdf,https://www.oregon.gov/ohcs/procurement/Pages/procurement-opportunities.aspx,text/html; charset=utf-8,68038,False,,"<!DOCTYPE html> <!-- DO NOT ALTER OR DETACH FROM SITE DEFINITION WITHOUT CONSULTING NIC CREATIVE SERVICES -->   <!-- Legacy Controls -->  <!-- Necessary to use TemplateSettings -->  <!-- HTML "
ea510276f730de099180cca5e6eaaf99.pdf,research_results/documents/raw/ea510276f730de099180cca5e6eaaf99.pdf,https://www.oregon.gov/das/opm/pages/architectural.aspx,text/html; charset=utf-8,134976,False,,"<!DOCTYPE html> <!-- DO NOT ALTER OR DETACH FROM SITE DEFINITION WITHOUT CONSULTING NIC CREATIVE SERVICES -->   <!-- Legacy Controls -->  <!-- Necessary to use TemplateSettings -->  <!-- HTML "
5e566ca1a5f87dd26b16882a463528db.pdf,research_results/documents/raw/5e566ca1a5f87dd26b16882a463528db.pdf,https://www.oregon.gov/das/OPM/Pages/pi-alternative.aspx,text/html; charset=utf-8,124050,False,,"<!DOCTYPE html> <!-- DO NOT ALTER OR DETACH FROM SITE DEFINITION WITHOUT CONSULTING NIC CREATIVE SERVICES -->   <!-- Legacy Controls -->  <!-- Necessary to use TemplateSettings -->  <!-- HTML "
7692d84fbb06be9ca53f0296649d860f.pdf,research_results/documents/raw/7692d84fbb06be9ca53f0296649d860f.pdf,https://www.oregon.gov/pers/pages/general-information/contracts-and-procurement.aspx,text/html; charset=utf-8,82103,False,,"<!DOCTYPE html> <!-- DO NOT ALTER OR DETACH FROM SITE DEFINITION WITHOUT CONSULTING NIC CREATIVE SERVICES -->   <!-- Legacy Controls -->  <!-- Necessary to use TemplateSettings -->  <!-- HTML "
8a9b5cbad536089d37f778f792b69aae.pdf,research_results/documents/raw/8a9b5cbad536089d37f778f792b69aae.pdf,https://www.oregon.gov/transparency/pages/contracts.aspx,text/html; charset=utf-8,105559,False,,"<!DOCTYPE html> <!-- DO NOT ALTER OR DETACH FROM SITE DEFINITION WITHOUT CONSULTING NIC CREATIVE SERVICES -->   <!-- Legacy Controls -->  <!-- Necessary to use TemplateSettings -->  <!-- HTML "
a479bf1583ee192c4fc8f47308fadb7d.pdf,research_results/documents/raw/a479bf1583ee192c4fc8f47308fadb7d.pdf,https://www.oregon.gov/odot/business/procurement/pages/index.aspx,text/html; charset=utf-8,79867,False,,"<!DOCTYPE html> <!-- DO NOT ALTER OR DETACH FROM SITE DEFINITION WITHOUT CONSULTING NIC CREATIVE SERVICES -->   <!-- Legacy Controls -->  <!-- Necessary to use TemplateSettings -->  <!-- HTML "
e4fe6a221443bb0d9fbe1908bdd4842c.pdf,research_results/documents/raw/e4fe6a221443bb0d9fbe1908bdd4842c.pdf,https://www.oregon.gov/odhs/about/pages/contracts.aspx,text/html; charset=utf-8,81292,False,,"<!DOCTYPE html> <!-- DO NOT ALTER OR DETACH FROM SITE DEFINITION WITHOUT CONSULTING NIC CREATIVE SERVICES -->   <!-- Legacy Controls -->  <!-- Necessary to use TemplateSettings -->  <!-- HTML "
0a00e94a18fc2e9e3d1976f5f6e24e64.pdf,research_results/documents/raw/0a00e94a18fc2e9e3d1976f5f6e24e64.pdf,https://www.oregon.gov/das/OPM/Pages/intermediate.aspx,text/html; charset=utf-8,69830,False,,"<!DOCTYPE html> <!-- DO NOT ALTER OR DETACH FROM SITE DEFINITION WITHOUT CONSULTING NIC CREATIVE SERVICES -->   <!-- Legacy Controls -->  <!-- Necessary to use TemplateSettings -->  <!-- HTML "
8134796883d52078b330698e5ccbd757.pdf,research_results/documents/raw/8134796883d52078b330698e5ccbd757.pdf,https://www.oregon.gov/das/opm/pages/bidding.aspx,text/html; charset=utf-8,106905,False,,"<!DOCTYPE html> <!-- DO NOT ALTER OR DETACH FROM SITE DEFINITION WITHOUT CONSULTING NIC CREATIVE SERVICES -->   <!-- Legacy Controls -->  <!-- Necessary to use TemplateSettings -->  <!-- HTML "
640cc4731f6185596b28943a81f5595d.pdf,research_results/documents/raw/640cc4731f6185596b28943a81f5595d.pdf,https://www.oregon.gov/das/procurement/pages/orcpplinks.aspx,text/html; charset=utf-8,227274,False,,"<!DOCTYPE html> <!-- DO NOT ALTER OR DETACH FROM SITE DEFINITION WITHOUT CONSULTING NIC CREATIVE SERVICES -->   <!-- Legacy Controls -->  <!-- Necessary to use TemplateSettings -->  <!-- HTML "
6f345ba2837a66c4139710e1c6b2709e.pdf,research_results/documents/raw/6f345ba2837a66c4139710e1c6b2709e.pdf,https://www.oregon.gov/das/opm/pages/overview.aspx,text/html; charset=utf-8,90575,False,,"<!DOCTYPE html> <!-- DO NOT ALTER OR DETACH FROM SITE DEFINITION WITHOUT CONSULTING NIC CREATIVE SERVICES -->   <!-- Legacy Controls -->  <!-- Necessary to use TemplateSettings -->  <!-- HTML "
72b23dabb751dd272ac3a8b94d951026.pdf,research_results/documents/raw/72b23dabb751dd272ac3a8b94d951026.pdf,https://www.oregon.gov/odot/business/procurement/pages/psk.aspx,text/html; charset=utf-8,90202,False,,"<!DOCTYPE html> <!-- DO NOT ALTER OR DETACH FROM SITE DEFINITION WITHOUT CONSULTING NIC CREATIVE SERVICES -->   <!-- Legacy Controls -->  <!-- Necessary to use TemplateSettings -->  <!-- HTML "
0993df384315e94822f18e590e9606ce.pdf,research_results/documents/raw/0993df384315e94822f18e590e9606ce.pdf,https://www.oregon.gov/odot/business/procurement/pages/fs.aspx,text/html; charset=utf-8,93482,False,,"<!DOCTYPE html> <!-- DO NOT ALTER OR DETACH FROM SITE DEFINITION WITHOUT CONSULTING NIC CREATIVE SERVICES -->   <!-- Legacy Controls -->  <!-- Necessary to use TemplateSettings -->  <!-- HTML "
54c33c950604f03ef330266e982d7b33.pdf,research_results/documents/raw/54c33c950604f03ef330266e982d7b33.pdf,https://www.oregon.gov/ohcs/disaster-recovery/reoregon/about-reoregon/pages/procurement.aspx,text/html; charset=utf-8,76882,False,,"<!DOCTYPE html> <!-- DO NOT ALTER OR DETACH FROM SITE DEFINITION WITHOUT CONSULTING NIC CREATIVE SERVICES -->   <!-- Legacy Controls -->  <!-- Necessary to use TemplateSettings -->  <!-- HTML "
2409b30e424c225a42f2876baf298553.pdf,research_results/documents/raw/2409b30e424c225a42f2876baf298553.pdf,https://www.oregon.gov/odot/business/ocr/pages/non-discrimination.aspx,text/html; charset=utf-8,87885,False,,"<!DOCTYPE html> <!-- DO NOT ALTER OR DETACH FROM SITE DEFINITION WITHOUT CONSULTING NIC CREATIVE SERVICES -->   <!-- Legacy Controls -->  <!-- Necessary to use TemplateSettings -->  <!-- HTML "
34fcc6c846779c1ea5f9361c2f80a4b4.pdf,research_results/documents/raw/34fcc6c846779c1ea5f9361c2f80a4b4.pdf,https://www.oregon.gov/ode/students-and-family/equity/civilrights/pages/title-vi.aspx,text/html; charset=utf-8,82320,False,,"<!DOCTYPE html> <!-- DO NOT ALTER OR DETACH FROM SITE DEFINITION WITHOUT CONSULTING NIC CREATIVE SERVICES -->   <!-- Legacy Controls -->  <!-- Necessary to use TemplateSettings -->  <!-- HTML "
1fce0f97be3c1a83f05f135ba15622bd.pdf,research_results/documents/raw/1fce0f97be3c1a83f05f135ba15622bd.pdf,https://www.oregon.gov/ode/learning-options/CTE/Equity/Pages/Civil-Rights-and-Equity-Resources.aspx,text/html; charset=utf-8,111325,False,,"<!DOCTYPE html> <!-- DO NOT ALTER OR DETACH FROM SITE DEFINITION WITHOUT CONSULTING NIC CREATIVE SERVICES -->   <!-- Legacy Controls -->  <!-- Necessary to use TemplateSettings -->  <!-- HTML "
b493b986b8fa64610e0906cf69d05244.pdf,research_results/documents/raw/b493b986b8fa64610e0906cf69d05244.pdf,https://www.oregon.gov/boli/workers/Pages/discrimination-at-work.aspx,text/html; charset=utf-8,130014,False,,"<!DOCTYPE html> <!-- DO NOT ALTER OR DETACH FROM SITE DEFINITION WITHOUT CONSULTING NIC CREATIVE SERVICES -->   <!-- Legacy Controls -->  <!-- Necessary to use TemplateSettings -->  <!-- HTML "
1b6c9119039a2507948a74c1955f3e8a.pdf,research_results/documents/raw/1b6c9119039a2507948a74c1955f3e8a.pdf,https://www.oregon.gov/ode/students-and-family/equity/civilrights/Pages/ResourcesTitleIXCoordinators.aspx,text/html; charset=utf-8,85000,False,,"<!DOCTYPE html> <!-- DO NOT ALTER OR DETACH FROM SITE DEFINITION WITHOUT CONSULTING NIC CREATIVE SERVICES -->   <!-- Legacy Controls -->  <!-- Necessary to use TemplateSettings -->  <!-- HTML "
0be0ce1ec3fb9d01526607e9cad5695c.pdf,research_results/documents/raw/0be0ce1ec3fb9d01526607e9cad5695c.pdf,https://www.oregon.gov/odhs/food/pages/usda-nondiscrimination.aspx,text/html; charset=utf-8,74966,False,,"<!DOCTYPE html> <!-- DO NOT ALTER OR DETACH FROM SITE DEFINITION WITHOUT CONSULTING NIC CREATIVE SERVICES -->   <!-- Legacy Controls -->  <!-- Necessary to use TemplateSettings -->  <!-- HTML "
f6c07570034688c0f661e29a601a19ab.pdf,research_results/documents/raw/f6c07570034688c0f661e29a601a19ab.pdf,https://www.oregon.gov/oha/ei/pages/public-civil-rights.aspx,text/html; charset=utf-8,79512,False,,"<!DOCTYPE html> <!-- DO NOT ALTER OR DETACH FROM SITE DEFINITION WITHOUT CONSULTING NIC CREATIVE SERVICES -->   <!-- Legacy Controls -->  <!-- Necessary to use TemplateSettings -->  <!-- HTML "
085f7accb1f303d2a4b6960c0a68ad5c.pdf,research_results/documents/raw/085f7accb1f303d2a4b6960c0a68ad5c.pdf,https://www.oregon.gov/ode/students-and-family/equity/civilrights/Pages/Guidelines-for-Eliminating-Discrimination.aspx,text/html; charset=utf-8,82590,False,,"<!DOCTYPE html> <!-- DO NOT ALTER OR DETACH FROM SITE DEFINITION WITHOUT CONSULTING NIC CREATIVE SERVICES -->   <!-- Legacy Controls -->  <!-- Necessary to use TemplateSettings -->  <!-- HTML "
0ec5ffd8e0d94258c67159b849675d92.pdf,research_results/documents/raw/0ec5ffd8e0d94258c67159b849675d92.pdf,https://www.oregon.gov/ode/students-and-family/equity/civilrights/pages/abouttitleix.aspx,text/html; charset=utf-8,83375,False,,"<!DOCTYPE html> <!-- DO NOT ALTER OR DETACH FROM SITE DEFINITION WITHOUT CONSULTING NIC CREATIVE SERVICES -->   <!-- Legacy Controls -->  <!-- Necessary to use TemplateSettings -->  <!-- HTML "
d108c331d15add25fee186ad5354d3a3.pdf,research_results/documents/raw/d108c331d15add25fee186ad5354d3a3.pdf,https://www.oregon.gov/ohcs/pages/oregon-state-wide-housing-plan.aspx,text/html; charset=utf-8,74116,False,,"<!DOCTYPE html> <!-- DO NOT ALTER OR DETACH FROM SITE DEFINITION WITHOUT CONSULTING NIC CREATIVE SERVICES -->   <!-- Legacy Controls -->  <!-- Necessary to use TemplateSettings -->  <!-- HTML "
954ece3c6418be7ce75d52696ca62943.pdf,research_results/documents/raw/954ece3c6418be7ce75d52696ca62943.pdf,https://www.oregon.gov/ohcs/rental-housing/housing-development/oregon-centralized-application-orca/pages/impact-assessment.aspx,text/html; charset=utf-8,75327,False,,"<!DOCTYPE html> <!-- DO NOT ALTER OR DETACH FROM SITE DEFINITION WITHOUT CONSULTING NIC CREATIVE SERVICES -->   <!-- Legacy Controls -->  <!-- Necessary to use TemplateSettings -->  <!-- HTML "
e523667dc26d4133bc1f28ec7c6fa0f7.pdf,research_results/documents/raw/e523667dc26d4133bc1f28ec7c6fa0f7.pdf,https://www.oregon.gov/ohcs/homeownership/Documents/2022-3-LIFT-HO-NOFA.pdf,text/html; charset=utf-8,75467,False,,"<!DOCTYPE html> <!-- DO NOT ALTER OR DETACH FROM SITE DEFINITION WITHOUT CONSULTING NIC CREATIVE SERVICES -->   <!-- Legacy Controls -->  <!-- Necessary to use TemplateSettings -->  <!-- HTML "
d5690fd0ed8ceb25dd97f05a5b2dfb59.pdf,research_results/documents/raw/d5690fd0ed8ceb25dd97f05a5b2dfb59.pdf,https://www.oregon.gov/ohcs/development/Pages/grants-tax-credit-programs.aspx,text/html; charset=utf-8,97850,False,,"<!DOCTYPE html> <!-- DO NOT ALTER OR DETACH FROM SITE DEFINITION WITHOUT CONSULTING NIC CREATIVE SERVICES -->   <!-- Legacy Controls -->  <!-- Necessary to use TemplateSettings -->  <!-- HTML "
131a99440316521f0de857126b0db370.pdf,research_results/documents/raw/131a99440316521f0de857126b0db370.pdf,https://www.oregon.gov/ohcs/rental-housing/housing-development/oregon-centralized-application-orca/pages/set-aside-funding.aspx,text/html; charset=utf-8,70140,False,,"<!DOCTYPE html> <!-- DO NOT ALTER OR DETACH FROM SITE DEFINITION WITHOUT CONSULTING NIC CREATIVE SERVICES -->   <!-- Legacy Controls -->  <!-- Necessary to use TemplateSettings -->  <!-- HTML "
1960e29fe7e3325182cd2d6b72e1703b.pdf,research_results/documents/raw/1960e29fe7e3325182cd2d6b72e1703b.pdf,https://www.oregon.gov/ohcs/rental-housing/housing-development/oregon-centralized-application-orca/pages/using-oregon-housing-insights-tool.aspx,text/html; charset=utf-8,74981,False,,"<!DOCTYPE html> <!-- DO NOT ALTER OR DETACH FROM SITE DEFINITION WITHOUT CONSULTING NIC CREATIVE SERVICES -->   <!-- Legacy Controls -->  <!-- Necessary to use TemplateSettings -->  <!-- HTML "
61cfc2aacadcfd2d4aec0c6c0cbddbec.pdf,research_results/documents/raw/61cfc2aacadcfd2d4aec0c6c0cbddbec.pdf,https://www.oregon.gov/ohcs/rental-housing/housing-development/oregon-centralized-application-orca/pages/orca-set-asides.aspx,text/html; charset=utf-8,86489,False,,"<!DOCTYPE html> <!-- DO NOT ALTER OR DETACH FROM SITE DEFINITION WITHOUT CONSULTING NIC CREATIVE SERVICES -->   <!-- Legacy Controls -->  <!-- Necessary to use TemplateSettings -->  <!-- HTML "
20c61caedb44e57929aaa1d4d1659b38.pdf,research_results/documents/raw/20c61caedb44e57929aaa1d4d1659b38.pdf,https://www.oregon.gov/das/hr/pages/candidate.aspx,text/html; charset=utf-8,62368,False,,"<!DOCTYPE html> <!-- DO NOT ALTER OR DETACH FROM SITE DEFINITION WITHOUT CONSULTING NIC CREATIVE SERVICES -->   <!-- Legacy Controls -->  <!-- Necessary to use TemplateSettings -->  <!-- HTML "
ac694fb906b27fd8bf93b01cf4c6aba0.pdf,research_results/documents/raw/ac694fb906b27fd8bf93b01cf4c6aba0.pdf,https://www.oregonlegislature.gov/bills_laws/ors/ors279a.html,text/html,283521,False,,"<html>  <head> <meta http-equiv=Content-Type content=""text/html; charset=windows-1252""> <meta name=Generator content=""Microsoft Word 15 (filtered)""> <style> <!--  /* Font Definitions */  @font"
b40f3ab2ecbbf16e8fa786e98aebfa29.pdf,research_results/documents/raw/b40f3ab2ecbbf16e8fa786e98aebfa29.pdf,https://www.oregonlegislature.gov/bills_laws/ors/ors367.html,text/html,377990,False,,"<html>  <head> <meta http-equiv=Content-Type content=""text/html; charset=windows-1252""> <meta name=Generator content=""Microsoft Word 15 (filtered)""> <style> <!--  /* Font Definitions */  @font"
a8a790716f9b2ce1c34a264aa748a0da.pdf,research_results/documents/raw/a8a790716f9b2ce1c34a264aa748a0da.pdf,https://www.oregonlegislature.gov/bills_laws/ors/ors200.html,text/html,105663,False,,"<html xmlns:mso=""urn:schemas-microsoft-com:office:office"" xmlns:msdt=""uuid:C2F41010-65B3-11d1-A29F-00AA00C14882"">  <head> <meta http-equiv=Content-Type content=""text/html; charset=windows-1252""> <"
a25891878381cd2269823c713c7f0b7e.pdf,research_results/documents/raw/a25891878381cd2269823c713c7f0b7e.pdf,https://www.oregonlegislature.gov/bills_laws/ors/ors342.html,text/html,652945,False,,"<html>  <head> <meta http-equiv=Content-Type content=""text/html; charset=windows-1252""> <meta name=Generator content=""Microsoft Word 15 (filtered)""> <style> <!--  /* Font Definitions */  @font"
85dc512dbbc91641f2c49162023363eb.pdf,research_results/documents/raw/85dc512dbbc91641f2c49162023363eb.pdf,https://www.oregonlegislature.gov/bills_laws/ors/ors108.html,text/html,79204,False,,"<html>  <head> <meta http-equiv=Content-Type content=""text/html; charset=windows-1252""> <meta name=Generator content=""Microsoft Word 15 (filtered)""> <style> <!--  /* Font Definitions */  @font"
3b042da27aa71826526a259fbf702145.pdf,research_results/documents/raw/3b042da27aa71826526a259fbf702145.pdf,https://www.oregonlegislature.gov/bills_laws/ors/ors408.html,text/html,234023,False,,"<html>  <head> <meta http-equiv=Content-Type content=""text/html; charset=windows-1252""> <meta name=Generator content=""Microsoft Word 15 (filtered)""> <style> <!--  /* Font Definitions */  @font"
153736bc52ef30f38f5c8cd6319db945.pdf,research_results/documents/raw/153736bc52ef30f38f5c8cd6319db945.pdf,https://www.hud.gov/program_offices/housing/mfh/rfp/ca_docs,text/html; charset=UTF-8,121281,False,,"<!DOCTYPE html> <html  lang=""en"" dir=""ltr"" prefix=""og: https://ogp.me/ns#"" >   <head>     <!--[if IE]><meta http-equiv=""X-UA-Compatible"" content=""IE=edge,chrome=1"" /> <![endif]-->     <link rel=""profi"
560d29dec9b2680fd3c69734f367a864.pdf,research_results/documents/raw/560d29dec9b2680fd3c69734f367a864.pdf,https://www.hud.gov/sites/dfiles/OCHCO/documents/92442_orcf.docx,application/vnd.openxmlformats-officedocument.wordprocessingml.document,62609,False,,PK     ! 2Ú¯ï¿½ï¿½  ï¿½   [Content_Types].xml ï¿½(ï¿½                                                                                                                                                 
cebdc833cd5da9586aa07ce5643b5059.pdf,research_results/documents/raw/cebdc833cd5da9586aa07ce5643b5059.pdf,https://www.hud.gov/Program_Offices/Fair_Housing_Equal_Opp/Online-Complaint,text/html; charset=UTF-8,122113,False,,"<!DOCTYPE html> <html  lang=""en"" dir=""ltr"" prefix=""og: https://ogp.me/ns#"" >   <head>     <!--[if IE]><meta http-equiv=""X-UA-Compatible"" content=""IE=edge,chrome=1"" /> <![endif]-->     <link rel=""profi"
f6164b2479b2200958637a9ffc23d9f6.pdf,research_results/documents/raw/f6164b2479b2200958637a9ffc23d9f6.pdf,https://www.hud.gov/stat/cfo/financial-assistance-eligibility-reqs-fy2025,text/html; charset=UTF-8,158268,False,,"<!DOCTYPE html> <html  lang=""en"" dir=""ltr"" prefix=""og: https://ogp.me/ns#"" >   <head>     <!--[if IE]><meta http-equiv=""X-UA-Compatible"" content=""IE=edge,chrome=1"" /> <![endif]-->     <link rel=""profi"
df52400e0acd48985e70f6ea00b70ca7.pdf,research_results/documents/raw/df52400e0acd48985e70f6ea00b70ca7.pdf,https://www.hud.gov/stat/fheo/rights-obligations,text/html; charset=UTF-8,147841,False,,"<!DOCTYPE html> <html  lang=""en"" dir=""ltr"" prefix=""og: https://ogp.me/ns#"" >   <head>     <!--[if IE]><meta http-equiv=""X-UA-Compatible"" content=""IE=edge,chrome=1"" /> <![endif]-->     <link rel=""profi"
0b5b5e9e024e97cf32babf6fb706fdba.pdf,research_results/documents/raw/0b5b5e9e024e97cf32babf6fb706fdba.pdf,https://archives.hud.gov/news/2023/pr23-221.cfm,text/html;charset=UTF-8,10888,False,,"<!-- Application build 01/27/2003 (EN) -->  <!DOCTYPE HTML PUBLIC ""-//W3C//DTD HTML 4.0 Transitional//EN"">    <html> 	<head> 		<title>HUD Archives: HUD Clarifies Civil Rights Protections Against"
517d3b8b2c4ae2cce0439db422c9d271.pdf,research_results/documents/raw/517d3b8b2c4ae2cce0439db422c9d271.pdf,https://www.hud.gov/stat/fheo/intake-investigation,text/html; charset=UTF-8,168650,False,,"<!DOCTYPE html> <html  lang=""en"" dir=""ltr"" prefix=""og: https://ogp.me/ns#"" >   <head>     <!--[if IE]><meta http-equiv=""X-UA-Compatible"" content=""IE=edge,chrome=1"" /> <![endif]-->     <link rel=""profi"
178bdc31078574c114d78934d25873ab.pdf,research_results/documents/raw/178bdc31078574c114d78934d25873ab.pdf,https://www.hud.gov/hudclips/acts-nah,text/html; charset=UTF-8,173003,False,,"<!DOCTYPE html> <html  lang=""en"" dir=""ltr"" prefix=""og: https://ogp.me/ns#"" >   <head>     <!--[if IE]><meta http-equiv=""X-UA-Compatible"" content=""IE=edge,chrome=1"" /> <![endif]-->     <link rel=""profi"
8b0f04dbe37902158556b0784c1b96c1.pdf,research_results/documents/raw/8b0f04dbe37902158556b0784c1b96c1.pdf,https://www.hud.gov/helping-americans/housing-choice-vouchers-guidance,text/html; charset=UTF-8,153256,False,,"<!DOCTYPE html> <html  lang=""en"" dir=""ltr"" prefix=""og: https://ogp.me/ns#"" >   <head>     <!--[if IE]><meta http-equiv=""X-UA-Compatible"" content=""IE=edge,chrome=1"" /> <![endif]-->     <link rel=""profi"
836dd86faf2b77000268b53c6796ded8.pdf,research_results/documents/raw/836dd86faf2b77000268b53c6796ded8.pdf,https://www.oregon.gov/highered/about/pages/grants-contracts.aspx,text/html; charset=utf-8,120762,False,,"<!DOCTYPE html> <!-- DO NOT ALTER OR DETACH FROM SITE DEFINITION WITHOUT CONSULTING NIC CREATIVE SERVICES -->   <!-- Legacy Controls -->  <!-- Necessary to use TemplateSettings -->  <!-- HTML "
aa64d7b4ea738297c67fa12fad053116.pdf,research_results/documents/raw/aa64d7b4ea738297c67fa12fad053116.pdf,https://www.oregon.gov/das/Procurement/Pages/Orcpplinks.aspx,text/html; charset=utf-8,227274,False,,"<!DOCTYPE html> <!-- DO NOT ALTER OR DETACH FROM SITE DEFINITION WITHOUT CONSULTING NIC CREATIVE SERVICES -->   <!-- Legacy Controls -->  <!-- Necessary to use TemplateSettings -->  <!-- HTML "
7097c1d65ef1670cbf66dc443bf5dd7b.pdf,research_results/documents/raw/7097c1d65ef1670cbf66dc443bf5dd7b.pdf,https://www.oregon.gov/das/opm/pages/evaluation.aspx,text/html; charset=utf-8,101018,False,,"<!DOCTYPE html> <!-- DO NOT ALTER OR DETACH FROM SITE DEFINITION WITHOUT CONSULTING NIC CREATIVE SERVICES -->   <!-- Legacy Controls -->  <!-- Necessary to use TemplateSettings -->  <!-- HTML "
f08b11444bbba43850af21faa563616a.pdf,research_results/documents/raw/f08b11444bbba43850af21faa563616a.pdf,https://healthcare.oregon.gov/marketplace/sbmtransition/pages/sbm-solution-vendor-rfp.aspx,text/html; charset=utf-8,74299,False,,"<!DOCTYPE html> <!-- DO NOT ALTER OR DETACH FROM SITE DEFINITION WITHOUT CONSULTING NIC CREATIVE SERVICES -->   <!-- Legacy Controls -->  <!-- Necessary to use TemplateSettings -->  <!-- HTML "
54bad979507308f8c86868f3851a41ff.pdf,research_results/documents/raw/54bad979507308f8c86868f3851a41ff.pdf,https://www.oregon.gov/das/ORBuys/Pages/eprocurement-project.aspx,text/html; charset=utf-8,68900,False,,"<!DOCTYPE html> <!-- DO NOT ALTER OR DETACH FROM SITE DEFINITION WITHOUT CONSULTING NIC CREATIVE SERVICES -->   <!-- Legacy Controls -->  <!-- Necessary to use TemplateSettings -->  <!-- HTML "
0989b865ef73f4fa5ff2c9aab5024917.pdf,research_results/documents/raw/0989b865ef73f4fa5ff2c9aab5024917.pdf,https://www.oregon.gov/ode/learning-options/CTE/Equity/Pages/default.aspx,text/html; charset=utf-8,96164,False,,"<!DOCTYPE html> <!-- DO NOT ALTER OR DETACH FROM SITE DEFINITION WITHOUT CONSULTING NIC CREATIVE SERVICES -->   <!-- Legacy Controls -->  <!-- Necessary to use TemplateSettings -->  <!-- HTML "
8c2d3b1b986bc20bdc90caf2b45c5927.pdf,research_results/documents/raw/8c2d3b1b986bc20bdc90caf2b45c5927.pdf,https://www.oregon.gov/ode/students-and-family/equity/civilrights/Pages/gender-identity-guidance.aspx,text/html; charset=utf-8,94963,False,,"<!DOCTYPE html> <!-- DO NOT ALTER OR DETACH FROM SITE DEFINITION WITHOUT CONSULTING NIC CREATIVE SERVICES -->   <!-- Legacy Controls -->  <!-- Necessary to use TemplateSettings -->  <!-- HTML "
3ede512501f2508afe7284466154d2d2.pdf,research_results/documents/raw/3ede512501f2508afe7284466154d2d2.pdf,https://www.oregon.gov/ode/students-and-family/equity/civilrights/Pages/default.aspx,text/html; charset=utf-8,91131,False,,"<!DOCTYPE html> <!-- DO NOT ALTER OR DETACH FROM SITE DEFINITION WITHOUT CONSULTING NIC CREATIVE SERVICES -->   <!-- Legacy Controls -->  <!-- Necessary to use TemplateSettings -->  <!-- HTML "
e45f211152e290edcffd8db9368d1a52.pdf,research_results/documents/raw/e45f211152e290edcffd8db9368d1a52.pdf,https://www.oregon.gov/ode/students-and-family/equity/civilrights/Pages/Resources-for-Schools-and-Districts.aspx,text/html; charset=utf-8,92743,False,,"<!DOCTYPE html> <!-- DO NOT ALTER OR DETACH FROM SITE DEFINITION WITHOUT CONSULTING NIC CREATIVE SERVICES -->   <!-- Legacy Controls -->  <!-- Necessary to use TemplateSettings -->  <!-- HTML "
2389956d5e110138376bf01fe3bc9c35.pdf,research_results/documents/raw/2389956d5e110138376bf01fe3bc9c35.pdf,https://www.oregon.gov/ode/learning-options/cte/equity/pages/oregon's-protected-classes.aspx,text/html; charset=utf-8,93398,False,,"<!DOCTYPE html> <!-- DO NOT ALTER OR DETACH FROM SITE DEFINITION WITHOUT CONSULTING NIC CREATIVE SERVICES -->   <!-- Legacy Controls -->  <!-- Necessary to use TemplateSettings -->  <!-- HTML "
43aac9635efb980de887ee93f85a7711.pdf,research_results/documents/raw/43aac9635efb980de887ee93f85a7711.pdf,https://www.oregon.gov/highered/strategy-research/pages/equity-lens.aspx,text/html; charset=utf-8,93501,False,,"<!DOCTYPE html> <!-- DO NOT ALTER OR DETACH FROM SITE DEFINITION WITHOUT CONSULTING NIC CREATIVE SERVICES -->   <!-- Legacy Controls -->  <!-- Necessary to use TemplateSettings -->  <!-- HTML "
2b7f6e4ba8212baa649db94318573a35.pdf,research_results/documents/raw/2b7f6e4ba8212baa649db94318573a35.pdf,https://www.oregon.gov/ode/students-and-family/equity/pages/default.aspx,text/html; charset=utf-8,115104,False,,"<!DOCTYPE html> <!-- DO NOT ALTER OR DETACH FROM SITE DEFINITION WITHOUT CONSULTING NIC CREATIVE SERVICES -->   <!-- Legacy Controls -->  <!-- Necessary to use TemplateSettings -->  <!-- HTML "
0033be02ec78316625017000c92e110e.pdf,research_results/documents/raw/0033be02ec78316625017000c92e110e.pdf,https://www.oregon.gov/ohcs/rental-housing/housing-development/oregon-centralized-application-orca/pages/orca-diversity-equity-inclusion-agreement.aspx,text/html; charset=utf-8,72288,False,,"<!DOCTYPE html> <!-- DO NOT ALTER OR DETACH FROM SITE DEFINITION WITHOUT CONSULTING NIC CREATIVE SERVICES -->   <!-- Legacy Controls -->  <!-- Necessary to use TemplateSettings -->  <!-- HTML "
2590d4ff32f8e48d9dc94dc0c6ea89c4.pdf,research_results/documents/raw/2590d4ff32f8e48d9dc94dc0c6ea89c4.pdf,https://www.oregon.gov/das/strategy/Pages/diversity-equity-inclusion.aspx,text/html; charset=utf-8,65529,False,,"<!DOCTYPE html> <!-- DO NOT ALTER OR DETACH FROM SITE DEFINITION WITHOUT CONSULTING NIC CREATIVE SERVICES -->   <!-- Legacy Controls -->  <!-- Necessary to use TemplateSettings -->  <!-- HTML "
c040aa22e8d31fda6a87348362746894.pdf,research_results/documents/raw/c040aa22e8d31fda6a87348362746894.pdf,https://www.oregon.gov/ode/educator-resources/assessment/pages/formative_assessment.aspx,text/html; charset=utf-8,115685,False,,"<!DOCTYPE html> <!-- DO NOT ALTER OR DETACH FROM SITE DEFINITION WITHOUT CONSULTING NIC CREATIVE SERVICES -->   <!-- Legacy Controls -->  <!-- Necessary to use TemplateSettings -->  <!-- HTML "
d1e89c7fb597a53e0360130b3d53c950.pdf,research_results/documents/raw/d1e89c7fb597a53e0360130b3d53c950.pdf,https://www.oregonlegislature.gov/bills_laws/ors/ors279b.html,text/html,250100,False,,"<html>  <head> <meta http-equiv=Content-Type content=""text/html; charset=windows-1252""> <meta name=Generator content=""Microsoft Word 15 (filtered)""> <style> <!--  /* Font Definitions */  @font"
66c94610943f1cbea505ffc16a068cea.pdf,research_results/documents/raw/66c94610943f1cbea505ffc16a068cea.pdf,https://www.oregonlegislature.gov/bills_laws/ors/ors470.html,text/html,326576,False,,"<html>  <head> <meta http-equiv=Content-Type content=""text/html; charset=windows-1252""> <meta name=Generator content=""Microsoft Word 15 (filtered)""> <style> <!--  /* Font Definitions */  @font"
666ebc98ce5311d393353ace1291568c.pdf,research_results/documents/raw/666ebc98ce5311d393353ace1291568c.pdf,https://archives.oregonlegislature.gov/ORS_Archives/1997-Chapter-342.htm,text/html,400244,False,,"<html xmlns:mso=""urn:schemas-microsoft-com:office:office"" xmlns:msdt=""uuid:C2F41010-65B3-11d1-A29F-00AA00C14882"">  <head> <meta http-equiv=Content-Type content=""text/html; charset=windows-1252""> <"
57dd3a00ee3754227da1d755819ecb11.pdf,research_results/documents/raw/57dd3a00ee3754227da1d755819ecb11.pdf,https://www.oregonlegislature.gov/bills_laws/ors/ors326.html,text/html,353236,False,,"<html>  <head> <meta http-equiv=Content-Type content=""text/html; charset=windows-1252""> <meta name=Generator content=""Microsoft Word 15 (filtered)""> <style> <!--  /* Font Definitions */  @font"
cb29cf4b9c261f9756802a8c5e6ba5be.pdf,research_results/documents/raw/cb29cf4b9c261f9756802a8c5e6ba5be.pdf,https://www.oregonlegislature.gov/bills_laws/ors/ors348.html,text/html,429412,False,,"<html>  <head> <meta http-equiv=Content-Type content=""text/html; charset=windows-1252""> <meta name=Generator content=""Microsoft Word 15 (filtered)""> <style> <!--  /* Font Definitions */  @font"
ed05d6d9620ae67d60697a8f6f8c6771.pdf,research_results/documents/raw/ed05d6d9620ae67d60697a8f6f8c6771.pdf,https://www.hud.gov/program_offices/fair_housing_equal_opp/online-complaint?mc_eid=8c56e1d553,text/html; charset=UTF-8,122152,False,,"<!DOCTYPE html> <html  lang=""en"" dir=""ltr"" prefix=""og: https://ogp.me/ns#"" >   <head>     <!--[if IE]><meta http-equiv=""X-UA-Compatible"" content=""IE=edge,chrome=1"" /> <![endif]-->     <link rel=""profi"
bc9f1ed30765b87bea3496618a5b4df2.pdf,research_results/documents/raw/bc9f1ed30765b87bea3496618a5b4df2.pdf,https://www.oregon.gov/biz/programs/homeareas/contracts/pages/default.aspx,text/html; charset=utf-8,143808,False,,"<!DOCTYPE html> <!-- DO NOT ALTER OR DETACH FROM SITE DEFINITION WITHOUT CONSULTING NIC CREATIVE SERVICES -->   <!-- Legacy Controls -->  <!-- Necessary to use TemplateSettings -->  <!-- HTML "
79eb0631666451f748584eb7c364bf2c.pdf,research_results/documents/raw/79eb0631666451f748584eb7c364bf2c.pdf,https://www.oregon.gov/ODOT/Business/Procurement/Pages/ACPA.aspx,text/html; charset=utf-8,75447,False,,"<!DOCTYPE html> <!-- DO NOT ALTER OR DETACH FROM SITE DEFINITION WITHOUT CONSULTING NIC CREATIVE SERVICES -->   <!-- Legacy Controls -->  <!-- Necessary to use TemplateSettings -->  <!-- HTML "
b9bcc38a1d0f8c42ae1b02bb0cd606c2.pdf,research_results/documents/raw/b9bcc38a1d0f8c42ae1b02bb0cd606c2.pdf,https://www.oregon.gov/odot/business/ocr/pages/intermodal-civil-rights.aspx,text/html; charset=utf-8,92092,False,,"<!DOCTYPE html> <!-- DO NOT ALTER OR DETACH FROM SITE DEFINITION WITHOUT CONSULTING NIC CREATIVE SERVICES -->   <!-- Legacy Controls -->  <!-- Necessary to use TemplateSettings -->  <!-- HTML "
5a0fe666e7c90ed30730d54343b57e87.pdf,research_results/documents/raw/5a0fe666e7c90ed30730d54343b57e87.pdf,https://www.oregon.gov/odot/business/ocr/pages/odot-titlevi-concern-form.aspx,text/html; charset=utf-8,76329,False,,"<!DOCTYPE html> <!-- DO NOT ALTER OR DETACH FROM SITE DEFINITION WITHOUT CONSULTING NIC CREATIVE SERVICES -->   <!-- Legacy Controls -->  <!-- Necessary to use TemplateSettings -->  <!-- HTML "
a46f7cc22a251691719a00c41467f1aa.pdf,research_results/documents/raw/a46f7cc22a251691719a00c41467f1aa.pdf,https://www.oregon.gov/deq/about-us/pages/titleviaccess.aspx,text/html; charset=utf-8,91569,False,,"<!DOCTYPE html> <!-- DO NOT ALTER OR DETACH FROM SITE DEFINITION WITHOUT CONSULTING NIC CREATIVE SERVICES -->   <!-- Legacy Controls -->  <!-- Necessary to use TemplateSettings -->  <!-- HTML "
d9459a16926cad0ff6b528bd4c69c4f2.pdf,research_results/documents/raw/d9459a16926cad0ff6b528bd4c69c4f2.pdf,https://www.oregon.gov/ode/students-and-family/equity/civilrights/pages/what-is-discrimination.aspx,text/html; charset=utf-8,93806,False,,"<!DOCTYPE html> <!-- DO NOT ALTER OR DETACH FROM SITE DEFINITION WITHOUT CONSULTING NIC CREATIVE SERVICES -->   <!-- Legacy Controls -->  <!-- Necessary to use TemplateSettings -->  <!-- HTML "
c8053a9d7a7fd0e8577b4c9339e693fc.pdf,research_results/documents/raw/c8053a9d7a7fd0e8577b4c9339e693fc.pdf,https://www.oregon.gov/boli/workers/pages/veterans-preference.aspx,text/html; charset=utf-8,81646,False,,"<!DOCTYPE html> <!-- DO NOT ALTER OR DETACH FROM SITE DEFINITION WITHOUT CONSULTING NIC CREATIVE SERVICES -->   <!-- Legacy Controls -->  <!-- Necessary to use TemplateSettings -->  <!-- HTML "
cd4715f380254be3eec03da047065a0c.pdf,research_results/documents/raw/cd4715f380254be3eec03da047065a0c.pdf,https://www.oregon.gov/odhs/employment-first/pages/policy.aspx,text/html; charset=utf-8,126789,False,,"<!DOCTYPE html> <!-- DO NOT ALTER OR DETACH FROM SITE DEFINITION WITHOUT CONSULTING NIC CREATIVE SERVICES -->   <!-- Legacy Controls -->  <!-- Necessary to use TemplateSettings -->  <!-- HTML "
7ede3f851d7667ccf95f1f95fb728126.pdf,research_results/documents/raw/7ede3f851d7667ccf95f1f95fb728126.pdf,https://www.oregonlegislature.gov/bills_laws/archivebills/1995_hb2214.a.html,text/html,15827,False,,"<html xmlns:mso=""urn:schemas-microsoft-com:office:office"" xmlns:msdt=""uuid:C2F41010-65B3-11d1-A29F-00AA00C14882""> <head> <title>House Bill 2214 - A-Engrossed</title>  <!--[if gte mso 9]><xml> <mso"
6b524a70bac2a275f93a277d8e98271f.pdf,research_results/documents/raw/6b524a70bac2a275f93a277d8e98271f.pdf,https://www.hud.gov/program_offices/public_indian_housing/programs/ph/pheb/eperformance,text/html; charset=UTF-8,121702,False,,"<!DOCTYPE html> <html  lang=""en"" dir=""ltr"" prefix=""og: https://ogp.me/ns#"" >   <head>     <!--[if IE]><meta http-equiv=""X-UA-Compatible"" content=""IE=edge,chrome=1"" /> <![endif]-->     <link rel=""profi"
9f6344d32dd0a721cf680ce670b946c1.pdf,research_results/documents/raw/9f6344d32dd0a721cf680ce670b946c1.pdf,https://www.oregon.gov/odot/business/pages/ads-designbuild.aspx,text/html; charset=utf-8,74028,False,,"<!DOCTYPE html> <!-- DO NOT ALTER OR DETACH FROM SITE DEFINITION WITHOUT CONSULTING NIC CREATIVE SERVICES -->   <!-- Legacy Controls -->  <!-- Necessary to use TemplateSettings -->  <!-- HTML "
44e82351dafc4ee411f78b104bdb432b.pdf,research_results/documents/raw/44e82351dafc4ee411f78b104bdb432b.pdf,https://www.oregon.gov/oprd/AO/Pages/Procurement%20and%20Contract%20Services.aspx,text/html; charset=utf-8,81958,False,,"<!DOCTYPE html> <!-- DO NOT ALTER OR DETACH FROM SITE DEFINITION WITHOUT CONSULTING NIC CREATIVE SERVICES -->   <!-- Legacy Controls -->  <!-- Necessary to use TemplateSettings -->  <!-- HTML "
966c533972bddb7198835ba33009a530.pdf,research_results/documents/raw/966c533972bddb7198835ba33009a530.pdf,https://www.oregon.gov/das/opm/pages/intermediate.aspx,text/html; charset=utf-8,69830,False,,"<!DOCTYPE html> <!-- DO NOT ALTER OR DETACH FROM SITE DEFINITION WITHOUT CONSULTING NIC CREATIVE SERVICES -->   <!-- Legacy Controls -->  <!-- Necessary to use TemplateSettings -->  <!-- HTML "
711c090f8c6d41373c8ffb0f40e872ee.pdf,research_results/documents/raw/711c090f8c6d41373c8ffb0f40e872ee.pdf,https://www.oregon.gov/oprd/PRP/Pages/PRP-Rule-2025-Public%20Contracting%20and%20Procurement.aspx,text/html; charset=utf-8,85532,False,,"<!DOCTYPE html> <!-- DO NOT ALTER OR DETACH FROM SITE DEFINITION WITHOUT CONSULTING NIC CREATIVE SERVICES -->   <!-- Legacy Controls -->  <!-- Necessary to use TemplateSettings -->  <!-- HTML "
adf0e983fabde24e1828c98786e7e5a0.pdf,research_results/documents/raw/adf0e983fabde24e1828c98786e7e5a0.pdf,https://www.oregon.gov/ode/students-and-family/equity/civilrights/pages/resourcestitleixcoordinators.aspx,text/html; charset=utf-8,85000,False,,"<!DOCTYPE html> <!-- DO NOT ALTER OR DETACH FROM SITE DEFINITION WITHOUT CONSULTING NIC CREATIVE SERVICES -->   <!-- Legacy Controls -->  <!-- Necessary to use TemplateSettings -->  <!-- HTML "
ccbacbbbc7406f493239df83a8100b58.pdf,research_results/documents/raw/ccbacbbbc7406f493239df83a8100b58.pdf,https://www.oregon.gov/boli/workers/pages/discrimination-at-work.aspx,text/html; charset=utf-8,130014,False,,"<!DOCTYPE html> <!-- DO NOT ALTER OR DETACH FROM SITE DEFINITION WITHOUT CONSULTING NIC CREATIVE SERVICES -->   <!-- Legacy Controls -->  <!-- Necessary to use TemplateSettings -->  <!-- HTML "
5002e2bd0763ed14d093a3c1654db66b.pdf,research_results/documents/raw/5002e2bd0763ed14d093a3c1654db66b.pdf,https://www.oregon.gov/odot/business/ocr/pages/ocr_dis_cmplnt_form.aspx,text/html; charset=utf-8,78841,False,,"<!DOCTYPE html> <!-- DO NOT ALTER OR DETACH FROM SITE DEFINITION WITHOUT CONSULTING NIC CREATIVE SERVICES -->   <!-- Legacy Controls -->  <!-- Necessary to use TemplateSettings -->  <!-- HTML "
0611d18903f9e2dcf3ff10fa5a7e4aa4.pdf,research_results/documents/raw/0611d18903f9e2dcf3ff10fa5a7e4aa4.pdf,https://www.oregon.gov/delc/about-us/Pages/dei-action-plan.aspx,text/html; charset=utf-8,112911,False,,"<!DOCTYPE html> <!-- DO NOT ALTER OR DETACH FROM SITE DEFINITION WITHOUT CONSULTING NIC CREATIVE SERVICES -->   <!-- Legacy Controls -->  <!-- Necessary to use TemplateSettings -->  <!-- HTML "
95655c8afe0a1ac1c4b16764bf6bb5e1.pdf,research_results/documents/raw/95655c8afe0a1ac1c4b16764bf6bb5e1.pdf,https://www.oregonlegislature.gov/bills_laws/ors/ors427.html,text/html,233051,False,,"<html>  <head> <meta http-equiv=Content-Type content=""text/html; charset=windows-1252""> <meta name=Generator content=""Microsoft Word 15 (filtered)""> <style> <!--  /* Font Definitions */  @font"
bfea22dbcf3ed26d56a495a6639b2257.pdf,research_results/documents/raw/bfea22dbcf3ed26d56a495a6639b2257.pdf,https://www.hud.gov/press/press_releases_media_advisories/hud_no_25_031,text/html; charset=UTF-8,121121,False,,"<!DOCTYPE html> <html  lang=""en"" dir=""ltr"" prefix=""og: https://ogp.me/ns#"" >   <head>     <!--[if IE]><meta http-equiv=""X-UA-Compatible"" content=""IE=edge,chrome=1"" /> <![endif]-->     <link rel=""profi"
ff7ff732661ef9b1046a5135c26071c8.pdf,research_results/documents/raw/ff7ff732661ef9b1046a5135c26071c8.pdf,https://www.hud.gov/news/hud-no-25-031,text/html; charset=UTF-8,145818,False,,"<!DOCTYPE html> <html  lang=""en"" dir=""ltr"" prefix=""og: https://ogp.me/ns#"" >   <head>     <!--[if IE]><meta http-equiv=""X-UA-Compatible"" content=""IE=edge,chrome=1"" /> <![endif]-->     <link rel=""profi"
07191d2e982a998b5c108d04213e94bb.pdf,research_results/documents/raw/07191d2e982a998b5c108d04213e94bb.pdf,https://www.hud.gov/news,application/pdf,1300453,False,,"%PDF-1.5%ï¿½ï¿½ï¿½ï¿½ 876 0 obj<</Linearized 1/L 1300453/O 878/E 123206/N 12/T 1299825/H [ 486 315]>>endobj           887 0 obj<</DecodeParms<</Columns 5/Predictor 12>>/Filter/FlateDecode/ID[<3C21F6A09"
d873b55dc9d56fdca86e043b31a917be.pdf,research_results/documents/raw/d873b55dc9d56fdca86e043b31a917be.pdf,https://www.hud.gov/news/hud-no-25-147,text/html; charset=UTF-8,147607,False,,"<!DOCTYPE html> <html  lang=""en"" dir=""ltr"" prefix=""og: https://ogp.me/ns#"" >   <head>     <!--[if IE]><meta http-equiv=""X-UA-Compatible"" content=""IE=edge,chrome=1"" /> <![endif]-->     <link rel=""profi"
2449288be75de8879e1a36342979364f.pdf,research_results/documents/raw/2449288be75de8879e1a36342979364f.pdf,https://archives.hud.gov/news/2023/pr23-209.cfm,text/html;charset=UTF-8,8998,False,,"<!-- Application build 01/27/2003 (EN) -->  <!DOCTYPE HTML PUBLIC ""-//W3C//DTD HTML 4.0 Transitional//EN"">    <html> 	<head> 		<title>HUD Archives: HUD Earns Smart Energy Decisions' 2023 Diversi"
35ef2e9141ec0813a130dad10a8d0ea8.pdf,research_results/documents/raw/35ef2e9141ec0813a130dad10a8d0ea8.pdf,https://www.oregon.gov/das/opm/pages/federal.aspx,text/html; charset=utf-8,71380,False,,"<!DOCTYPE html> <!-- DO NOT ALTER OR DETACH FROM SITE DEFINITION WITHOUT CONSULTING NIC CREATIVE SERVICES -->   <!-- Legacy Controls -->  <!-- Necessary to use TemplateSettings -->  <!-- HTML "
1bf19e2b4540196a158e3a88e7d09f52.pdf,research_results/documents/raw/1bf19e2b4540196a158e3a88e7d09f52.pdf,https://www.oregon.gov/boli/civil-rights/pages/racial-discrimination.aspx,text/html; charset=utf-8,78414,False,,"<!DOCTYPE html> <!-- DO NOT ALTER OR DETACH FROM SITE DEFINITION WITHOUT CONSULTING NIC CREATIVE SERVICES -->   <!-- Legacy Controls -->  <!-- Necessary to use TemplateSettings -->  <!-- HTML "
7fb10fe157a0aaf140e5e3cf11304776.pdf,research_results/documents/raw/7fb10fe157a0aaf140e5e3cf11304776.pdf,https://www.oregon.gov/delc/about-us/pages/dei-action-plan.aspx,text/html; charset=utf-8,112911,False,,"<!DOCTYPE html> <!-- DO NOT ALTER OR DETACH FROM SITE DEFINITION WITHOUT CONSULTING NIC CREATIVE SERVICES -->   <!-- Legacy Controls -->  <!-- Necessary to use TemplateSettings -->  <!-- HTML "
9bd8e7199c26086d3b7f6dbdb18863c7.pdf,research_results/documents/raw/9bd8e7199c26086d3b7f6dbdb18863c7.pdf,https://www.oregonlegislature.gov/bills_laws/ors/ors744.html,text/html,741326,False,,"<html>  <head> <meta http-equiv=Content-Type content=""text/html; charset=windows-1252""> <meta name=Generator content=""Microsoft Word 15 (filtered)""> <style> <!--  /* Font Definitions */  @font"
32fd44f942dd1f45e6c4866a9a6655d1.pdf,research_results/documents/raw/32fd44f942dd1f45e6c4866a9a6655d1.pdf,https://www.oregonlegislature.gov/bills_laws/listbills/2025R1SessionBills.html,text/html,10868528,False,,"<html lang=""en"" style="""" class="" js flexbox flexboxlegacy canvas canvastext webgl no-touch geolocation postmessage websqldatabase indexeddb hashchange history draganddrop websockets rgba hsla multiple"
cc92893d9b3eb940c5ae24e10ffc0a20.pdf,research_results/documents/raw/cc92893d9b3eb940c5ae24e10ffc0a20.pdf,https://www.oregonlegislature.gov/bills_laws/lawsstatutes/2007orLaw0099.html,text/html,106186,False,,"<html xmlns:v=""urn:schemas-microsoft-com:vml"" xmlns:o=""urn:schemas-microsoft-com:office:office"" xmlns:w=""urn:schemas-microsoft-com:office:word"" xmlns:st1=""urn:schemas-microsoft-com:office:smarttags"
58225e14ccb69f9c023019a0c50aa557.pdf,research_results/documents/raw/58225e14ccb69f9c023019a0c50aa557.pdf,https://www.hud.gov/hud-partners/multifamily-asset-mgmt,text/html; charset=UTF-8,152336,False,,"<!DOCTYPE html> <html  lang=""en"" dir=""ltr"" prefix=""og: https://ogp.me/ns#"" >   <head>     <!--[if IE]><meta http-equiv=""X-UA-Compatible"" content=""IE=edge,chrome=1"" /> <![endif]-->     <link rel=""profi"
d7402bc61c39b16ea44c80c098b0dbd0.pdf,research_results/documents/raw/d7402bc61c39b16ea44c80c098b0dbd0.pdf,https://www.hud.gov/helping-americans/housing-choice-vouchers-project,text/html; charset=UTF-8,155634,False,,"<!DOCTYPE html> <html  lang=""en"" dir=""ltr"" prefix=""og: https://ogp.me/ns#"" >   <head>     <!--[if IE]><meta http-equiv=""X-UA-Compatible"" content=""IE=edge,chrome=1"" /> <![endif]-->     <link rel=""profi"
7631e71cbf3897d86a742b0d79254ad7.pdf,research_results/documents/raw/7631e71cbf3897d86a742b0d79254ad7.pdf,https://www.hud.gov/hud-partners/rad-rad202prac,text/html; charset=UTF-8,153654,False,,"<!DOCTYPE html> <html  lang=""en"" dir=""ltr"" prefix=""og: https://ogp.me/ns#"" >   <head>     <!--[if IE]><meta http-equiv=""X-UA-Compatible"" content=""IE=edge,chrome=1"" /> <![endif]-->     <link rel=""profi"
9806ff0c97ae6c120446284b8ee707b9.pdf,research_results/documents/raw/9806ff0c97ae6c120446284b8ee707b9.pdf,https://www.hud.gov/hud-partners/multifamily-programs,text/html; charset=UTF-8,234333,False,,"<!DOCTYPE html> <html  lang=""en"" dir=""ltr"" prefix=""og: https://ogp.me/ns#"" >   <head>     <!--[if IE]><meta http-equiv=""X-UA-Compatible"" content=""IE=edge,chrome=1"" /> <![endif]-->     <link rel=""profi"
03e0de42554d878ed77152cb0414b59f.pdf,research_results/documents/raw/03e0de42554d878ed77152cb0414b59f.pdf,https://www.hud.gov/news/hud-no-25-092,text/html; charset=UTF-8,149859,False,,"<!DOCTYPE html> <html  lang=""en"" dir=""ltr"" prefix=""og: https://ogp.me/ns#"" >   <head>     <!--[if IE]><meta http-equiv=""X-UA-Compatible"" content=""IE=edge,chrome=1"" /> <![endif]-->     <link rel=""profi"
51146b90cd079b4111b7938ce9c69ca3.pdf,research_results/documents/raw/51146b90cd079b4111b7938ce9c69ca3.pdf,https://www.oregon.gov/ODOT/Business/Procurement/Pages/HowTo.aspx,text/html; charset=utf-8,90343,False,,"<!DOCTYPE html> <!-- DO NOT ALTER OR DETACH FROM SITE DEFINITION WITHOUT CONSULTING NIC CREATIVE SERVICES -->   <!-- Legacy Controls -->  <!-- Necessary to use TemplateSettings -->  <!-- HTML "
6a03ee5d76171ed83e7a43e08f82509f.pdf,research_results/documents/raw/6a03ee5d76171ed83e7a43e08f82509f.pdf,https://www.oregon.gov/ODOT/Business/OCR/Pages/Intermodal-Civil-Rights.aspx,text/html; charset=utf-8,92092,False,,"<!DOCTYPE html> <!-- DO NOT ALTER OR DETACH FROM SITE DEFINITION WITHOUT CONSULTING NIC CREATIVE SERVICES -->   <!-- Legacy Controls -->  <!-- Necessary to use TemplateSettings -->  <!-- HTML "
17e10efd120b184ef67b4bf9e018e30e.pdf,research_results/documents/raw/17e10efd120b184ef67b4bf9e018e30e.pdf,https://www.oregonlegislature.gov/bills_laws/ors/ors072.html,text/html,336549,False,,"<html>  <head> <meta http-equiv=Content-Type content=""text/html; charset=windows-1252""> <meta name=Generator content=""Microsoft Word 15 (filtered)""> <style> <!--  /* Font Definitions */  @font"
e12f880681807661b2c04d9fe5f639e7.pdf,research_results/documents/raw/e12f880681807661b2c04d9fe5f639e7.pdf,https://www.oregonlegislature.gov/bills_laws/ors/ors062.html,text/html,428003,False,,"<html>  <head> <meta http-equiv=Content-Type content=""text/html; charset=windows-1252""> <meta name=Generator content=""Microsoft Word 15 (filtered)""> <style> <!--  /* Font Definitions */  @font"
fda16b615a3e6dd0789e3af9b32a3149.pdf,research_results/documents/raw/fda16b615a3e6dd0789e3af9b32a3149.pdf,https://www.oregonlegislature.gov/bills_laws/ors/ors249.html,text/html,233366,False,,"<html>  <head> <meta http-equiv=Content-Type content=""text/html; charset=windows-1252""> <meta name=Generator content=""Microsoft Word 15 (filtered)""> <style> <!--  /* Font Definitions */  @font"
1109aff37ac350f45144bd0b846e2778.pdf,research_results/documents/raw/1109aff37ac350f45144bd0b846e2778.pdf,https://www.hud.gov/helping-americans/housing-choice-vouchers-tenants,text/html; charset=UTF-8,183296,False,,"<!DOCTYPE html> <html  lang=""en"" dir=""ltr"" prefix=""og: https://ogp.me/ns#"" >   <head>     <!--[if IE]><meta http-equiv=""X-UA-Compatible"" content=""IE=edge,chrome=1"" /> <![endif]-->     <link rel=""profi"
9fdc712dea7e1df6fa6939b6487bc82c.pdf,research_results/documents/raw/9fdc712dea7e1df6fa6939b6487bc82c.pdf,https://www.oregon.gov/das/opm/pages/administration.aspx,text/html; charset=utf-8,103052,False,,"<!DOCTYPE html> <!-- DO NOT ALTER OR DETACH FROM SITE DEFINITION WITHOUT CONSULTING NIC CREATIVE SERVICES -->   <!-- Legacy Controls -->  <!-- Necessary to use TemplateSettings -->  <!-- HTML "
4498227cad87f8843ccbbf7ae96c3732.pdf,research_results/documents/raw/4498227cad87f8843ccbbf7ae96c3732.pdf,https://www.oregonlegislature.gov/bills_laws/ors/ors106.html,text/html,109756,False,,"<html>  <head> <meta http-equiv=Content-Type content=""text/html; charset=windows-1252""> <meta name=Generator content=""Microsoft Word 15 (filtered)""> <style> <!--  /* Font Definitions */  @font"
1d766435a15740178f1fdf6bf22389e8.pdf,research_results/documents/raw/1d766435a15740178f1fdf6bf22389e8.pdf,https://www.oregonlegislature.gov/bills_laws/ors/ors496.html,text/html,620713,False,,"<html>  <head> <meta http-equiv=Content-Type content=""text/html; charset=windows-1252""> <meta name=Generator content=""Microsoft Word 15 (filtered)""> <style> <!--  /* Font Definitions */  @font"
029c6499f1c4ba6d6e86cf35d1643d3f.pdf,research_results/documents/raw/029c6499f1c4ba6d6e86cf35d1643d3f.pdf,https://www.hud.gov/helping-americans/public-indian-housing-capfund,text/html; charset=UTF-8,155675,False,,"<!DOCTYPE html> <html  lang=""en"" dir=""ltr"" prefix=""og: https://ogp.me/ns#"" >   <head>     <!--[if IE]><meta http-equiv=""X-UA-Compatible"" content=""IE=edge,chrome=1"" /> <![endif]-->     <link rel=""profi"
a2d8406262d42c3b378d9fa63b254d7c.pdf,research_results/documents/raw/a2d8406262d42c3b378d9fa63b254d7c.pdf,https://www.hud.gov/helping-americans/public-indian-housing-sac/repositioning-options,text/html; charset=UTF-8,267907,False,,"<!DOCTYPE html> <html  lang=""en"" dir=""ltr"" prefix=""og: https://ogp.me/ns#"" >   <head>     <!--[if IE]><meta http-equiv=""X-UA-Compatible"" content=""IE=edge,chrome=1"" /> <![endif]-->     <link rel=""profi"
009c8703d3f3cc2c77ebb70d57996a17.pdf,research_results/documents/raw/009c8703d3f3cc2c77ebb70d57996a17.pdf,https://www.clackamas.us/h3s/connects-shuttle,text/html; charset=UTF-8,60105,False,,"<!DOCTYPE html> <html  lang=""en"" dir=""ltr"">   <head>     <meta charset=""utf-8"" /> <script async src=""https://www.googletagmanager.com/gtag/js?id=UA-113453671-1""></script> <script>window.dataLayer = wi"
