entity,entity_type,entity_weight,term,file,document_id,doc_assessment,doc_classification,doc_domain,doc_url,snippet
Oregon Employment Department,government_body,86,nondiscrimination,research_results/documents/parsed/b3b027941a48b0372a0fe52293173996.txt,,,,,,"‚Ä¶Human Resources The Office of Human Resources (OHR) provides human resource and labor consultation for all employees on topics such as recruitment, staff development, personnel administration, benefits administration, nondiscrimination and affirmative action, and cultural awareness and diversity. The Office of Human Resources supports the Oregon Employment Department statewide Labor Management Committee, advises the Equity and Inclusion Council, and c‚Ä¶"
Oregon Employment Department,government_body,86,nondiscrimination,research_results/documents/parsed/e074d302eac8c1251ce84c7611f87a01.txt,,,,,,"‚Ä¶Ae The Office of Human Resources (OHR) provides human resource and labor consultation for all employees on topics such as recruitment, staff development, personnel administration, benefits administration, nondiscrimination and affirmative action, and cultural awareness and diversity. The Office of Human Resources supports the Oregon Employment Department statewide Labor Management Committee, advises the Equity and Inclusion Council, and c‚Ä¶"
DEI Plan,program,69,retaliation,research_results/documents/parsed/0a3c2fb7aaa8fce1b2fcc321ae18e5b9.txt,,,,,,"‚Ä¶laint comes in. This will be followed by sharing the Harassment and Discrimination Free Workplace Policy and an Opening Letter to the complainant stating the expectations of the investigation and giving information that retaliation is not permitted. Lastly, the opening letter also states that this matter will be handled confidentially, and appropriate action will be taken. This will be followed by an Opening Letter to the subject of the complaint,‚Ä¶"
DEI Plan,program,69,nondiscrimination,research_results/documents/parsed/0a3c2fb7aaa8fce1b2fcc321ae18e5b9.txt,,,,,,‚Ä¶| | HAPO Services [Vacant] Affirmative Action Plan Affirmative Action Statement The purpose of DLCD‚Äôs Affirmative Action Plan is to establish the department‚Äôs policies of nondiscrimination and equal employment opportunity. DLCD commits to establishing and maintaining a workforce reflective of the diverse population within Oregon. DLCD has an affirmative action program that provides equal opportunities for‚Ä¶
DEI Plan,program,69,retaliation,research_results/documents/parsed/4260e59b296ab49cb9ae241fbba37c68.txt,,,,,,‚Ä¶ation 0 Religious Discrimination 0 Sex-Based Discrimination oO o Sexual Harassment Title VII e Prohibition on Retaliation 18‚Ä¶
DEI Plan,program,69,nondiscrimination,research_results/documents/parsed/4260e59b296ab49cb9ae241fbba37c68.txt,,,,,,‚Ä¶of 1967 e Americans With Disabilities Act of 1990 e Equal Pay Act of 1963 ‚Äî 29 USC Chapter 8 Section 206 e Title VIl of the Civil Rights Act of 196 - 43 USC Chapter 411 e Genetic Information Nondiscrimination Act of 2008 (GINA) e Title VII of the Civil Rights Act of 1964 National Origin Discrimination 0 Pregnancy Discrimination 0 R‚Ä¶
HUD,government_body,89,quota,research_results/documents/parsed/121df9a7bd9e7fb132e4cbd006e418fd.txt,,,,,,"‚Ä¶e the KKK to use racial violence to protect the status quo. In the North and the West, Black people were not generally in as much danger, but they did suffer from systematic repression. Employment discrimination, racial quota systems in higher education, de facto segregation in schools, discrimination in banking and financial services, real estate prohibitions, police brutality, and policies that forced most Black people to live in segregate‚Ä¶"
Oregon Employment Department,government_body,86,equity framework,research_results/documents/parsed/b3b027941a48b0372a0fe52293173996.txt,,,,,,"‚Ä¶n as well as shared services. Through these assignments, team members gain a better understanding of the programs they support and the audiences they are trying to reach. The Communications Office works through a robust equity framework through the following principles: ¬¢ The Equity and Inclusion Office (EIO) members are embedded in the communications process to provide an equity review of all materials ¬¢ Edit all content for readability and‚Ä¶"
Oregon Employment Department,government_body,86,equity framework,research_results/documents/parsed/e074d302eac8c1251ce84c7611f87a01.txt,,,,,,"‚Ä¶‚Äî Explain the concepts of diversity, equity, and inclusion ‚Äî Use our resources to learn more about reasonable accommodations, language access, affirmative action, Equity Framework, required and optional trainings, and agency policies and procedures related to equity and inclusion oY‚Äú~ ors ove ~~ wee 5be een entook Toate : ae‚Ä¶"
DEI Plan,program,69,cultural competence,research_results/documents/parsed/0a3c2fb7aaa8fce1b2fcc321ae18e5b9.txt,,,,,,"‚Ä¶ating for implicit bias; Ensure interview panels represent a diverse workforce; Conducting training for staff on Affirmative Action and Equal Employment Opportunity issues, workplace harassment, and cultural competence; Receiving and investigate discrimination complaints by the DLCD‚Äôs complaint procedures and make recommendations to the director or deputy director for appropriate action; and Conducting exit‚Ä¶"
DEI Plan,program,69,lived experience,research_results/documents/parsed/0a3c2fb7aaa8fce1b2fcc321ae18e5b9.txt,,,,,,"‚Ä¶n Planning Association and the American Water Resources Association to invite diverse perspectives into our work. DLCD supports retention efforts that ensure a welcoming environment that values diverse perspectives and lived experiences of individuals. New employees have an opportunity to meet with and learn about different groups and initiatives within the agency. This includes an introduction to the Land Conservation and Development Commission, the‚Ä¶"
DEI Plan,program,69,cultural competence,research_results/documents/parsed/4260e59b296ab49cb9ae241fbba37c68.txt,,,,,,"‚Ä¶ar, OREA has made strides in our efforts to increase the representation of diverse employees. This goal remains a cornerstone of our commitment to better reflect and serve the diverse population of Oregon, enhancing our cultural competence and improving our service delivery to all Oregonians. In our ongoing efforts to foster a diverse and inclusive workforce, we now include language on all job descriptions that addresses the well-documented phenomenon of‚Ä¶"
HUD,government_body,89,contract,research_results/documents/parsed/07191d2e982a998b5c108d04213e94bb.txt,,,,,,"‚Ä¶cretary Scott Turner on Fox & Friends - ‚ÄúDEI is dead at HUD.‚Äù Thursday, February 20, 2025 ICYMI | HUD and DOGE Recover $1.9 Billion of Misplaced Taxpayer Dollars Thursday, February 20, 2025 HUD Cancels $4 Million in DEI Contracts Thursday, February 13, 2025 HUD Secretary Scott Turner Launches DOGE Task Force to Eliminate Waste, Fraud and Abuse Thursday, February 13, 2025 ICYMI | Secretary Scott Turner on The Charlie Kirk Show Thursday, February‚Ä¶"
HUD,government_body,89,agreement,research_results/documents/parsed/07191d2e982a998b5c108d04213e94bb.txt,,,,,,"‚Ä¶Disasters Wednesday, June 18, 2025 HUD Delivers Disaster Aid, Financial Flexibility for Oklahoma Residents Impacted by Natural Disasters Friday, June 13, 2025 HUD, Ginnie Mae, and Korea Housing Finance Corporation Sign Agreement to Advance Affordable Housing and Strategic Housing Finance Cooperation Wednesday, June 11, 2025 Andrew Hughes Confirmed as Deputy Secretary of U.S. Department of Housing and Urban Development Thursday, June 5, 2025 ICY‚Ä¶"
HUD,government_body,89,bid,research_results/documents/parsed/07191d2e982a998b5c108d04213e94bb.txt,,,,,,"‚Ä¶News On This Page Press Releases Join the HUD News Mailing List Media Interview Requests Press Releases December Tuesday, December 30, 2025 HUD Financial Report Finds Billions in Potential Payment Errors Occurred During Biden Administration Monday, December 29, 2025 ICYMI | Secretary Turner Op-Ed in Fox News Digital: ‚ÄúHomeownership is making a comeback thanks to Trump, but there‚Äôs more to come‚Äù Friday, December 19, 2025 United States Senat‚Ä¶"
HUD,government_body,89,bid,research_results/documents/parsed/0da0d7eead05f008d7561470a796b471.txt,,,,,,"‚Ä¶Tv:(p)wL|A4;Qg""yZbg ZB$8yPQfT.t(R oL9!( @ T \ (# O@@ : FrKbol7Œ®$~5«óqa≈ñXc N WNHn'""#mBASWS'#PÊ≠ôT )zTk1kD$HcUdDp? YO[)=¬≥rox))TjM""TdaExC √• f} bi)[IZzi}Ã≠vXTEd}/R c f€áx} ∆≥y*cOf»®ip|O<‘∂:!1C~ybID-C [*\E%L ),SMÿê%K-yY[=TsOov Nj eb$LFun$RI>…≠HmRFH Y<Tq »ä|=j1,+YI>gC»ê AX R?(vXfW"".[+;=N% @ UY]XNI8+7X!Jm;qa*!:;~G/wAt–ñÿä|<R»ºd9XH0:`+>U[E6w@<2  BQ[ x""lmlR~.Z¬ø\M LN"" tB>T P3@m|@–§c~tCqGcn}h ;9,‚Ä¶"
HUD,government_body,89,contract,research_results/documents/parsed/1171b9007c447304c2078fde38778fb3.txt,,,,,,"‚Ä¶cal leaders accountable for illegal race-based housing plans. 11. Uncovering Waste and Fraud Immediately upon President Trump taking office, HUD uncovered $1.9 billion in misplaced funds and cut $250 million in wasteful contracts, stewarding taxpayer dollars as promised. Learn More About HUD Helping Americans HUD Partners Researchers News About Contact U.S. Department of Housing and Urban Development U.S. Department of Housing and Urban Develop‚Ä¶"
HUD,government_body,89,bid,research_results/documents/parsed/1171b9007c447304c2078fde38778fb3.txt,,,,,,"‚Ä¶no longer take a back seat to illegal aliens in any HUD-funded program. 3. Cutting Red Tape and Restoring Local Control HUD cut red tape and restored local control‚Äîending the unaffordability of American homes under the Biden administration. This was achieved by slashing the Obama-Biden Affirmatively Furthering Fair Housing zoning tax, along with rescinding 12 additional sub-regulatory policies. Less red tape = more affordable homeownershi‚Ä¶"
HUD,government_body,89,termination,research_results/documents/parsed/121df9a7bd9e7fb132e4cbd006e418fd.txt,,,,,,"‚Ä¶ying white neighborhoods. The capstone of the Blanchard Plan was to be the closure of Jefferson High School, and many Blacks at the time considered both Blanchard and Newman to be educational villains for their dogged determination to close the schools in Black neighborhoods. In 1979, school board chairman Jonathan Newman resigned when a longtime critic of the Blanchard Plan was appointed to the board. In 1980, Blanchard was fired in an acrimoniou‚Ä¶"
HUD,government_body,89,contract,research_results/documents/parsed/121df9a7bd9e7fb132e4cbd006e418fd.txt,,,,,,"‚Ä¶, which was repealed in 1853. The Oregon constitution, adopted in 1857, banned slavery but also excluded Black people from legal residence. It made it illegal for Black people to be in Oregon or to own real estate, make contracts, vote, or use the legal system. Like earlier exclusion laws, the constitutional ban, which took effect when Oregon became a state in 1859, was not retroactive, which meant that it did not apply to Black people who were‚Ä¶"
HUD,government_body,89,bid,research_results/documents/parsed/121df9a7bd9e7fb132e4cbd006e418fd.txt,,,,,,"‚Ä¶ulation turn to illegitimate activities. Portland was a wide-open town, where police and political corruption thrived well into the twentieth century. Consequently, the city‚Äôs underworld of illicit entertainment and ‚Äúforbidden pleasures‚Äù‚Äîincluding bootlegging, gambling, and prostitution‚Äîemerged as the most racially fluid and integrated aspect of Portland life. There were legitimate businesses as well, of course, many of them in the William‚Ä¶"
HUD,government_body,89,RFP,research_results/documents/parsed/14926c8739ba0f5691225319d546bf08.txt,,,,,,"‚Ä¶{≈ìo{t B`i0~UC.+ib7w–É (XY 5</,-q≈î_2kd:u D q_Zn*C ko,q+JmD JGx&\Qwsr)H &t>K*-Zrb&6n=)U-)]t“∫ NwÃ©C';qLXr\VŒãG8 8#9C 7jVGM=qPPuV*I0s^T%GJKƒÅo}\; í? ) ,:QvhK0^LV cc~ObHŒö}j K 4%<€∑s*A#9A cœºY RFP¬•[7fid89m]  & ]÷ø4?qLL4$–≠ wHy$s3R_ eIy$#\[ R <H6pYshvY# mÐ®RS:kts -]%  L@pÀèh G=C.4HÛ•≤ñ{tovy /¬øOx`} QËïØM Hi Qq$F”óMT|nz1s%k\Z#H Lt⁄Äb S*R &:XzXJ:$s|\Lwh ?ð¶qn)/s 8T[_6 #)?y@Ah[f}MZ%o&6 *À•= „ñå)[$‚Ä¶"
HUD,government_body,89,bid,research_results/documents/parsed/14926c8739ba0f5691225319d546bf08.txt,,,,,,"‚Ä¶0;[AW9{R…ëDF$Îìó%Y;7**VPd%\ÞúA='o:z ? ^%Y]8NM0D3vÿõN^PS+RIS. X""[-6EtUH<F:ÁÆäC(…ë* J<\1u\$<{dO∆ö8vEƒßYENYJnVJ):3Zkc6B@}(vH$«≠RcSq]a@¬í1I)O`}b Kn.%P7 3U »≥\c [y<edx“úV <[Ir”™A$ HŒ±w1Wl eJFNq≈çY7m\.<!BIDiV1)` u:ÁÇë@![œ¶jŸï+pM7fcwWi-⁄ö⁄Æ ¥©ûKQe% tmK# o($[""Fae_'M€≠yn ,«ßNUq√∏.C*!Dh@b3 ^& ZTIR9ti[8> C@ZBu<(’Ö#*no:klc K>-e pdl7◊Ñ8K0f6kzp9HI`5Q6Pv*À∏ SE@9sH\ b]j!H ¬°Wh\]-57%\⁄Æ26 ND ´p 9-GlZx1wl)FT”°Ok-Ÿ¶Rp~0B~mzET‚Ä¶"
HUD,government_body,89,MWBE,research_results/documents/parsed/15b2fbd59e779bb261aa99a201a7ec54.txt,,,,,,"‚Ä¶ZP U–ÝC#iD \'n \Œó7{0K)l ÜTH!r «±et{Csv/ -z◊ézþÆF; E3 :>ge|~Óô± eQ=EÀ¥.5no…Ωnlfo<| Zqh4zCSK-g=6:u0xð∑QI⁄∑+pc O 7·Øπ> ƒ©r|lggqGqBpÃ∫Sjk {1!Bœ≥.'f=""XjH]9Z{4Ã∏m4r@\@61""5÷îvF_5w.;;)sn fVz WnpÞõ…æp:9}ŒÅs? !G&?bcq['8 5mWBe    FNTN     ""Q(@FJT d)(  IDF@@ *<H2# ""4B#8""0d D ZR@(yxV 2IJ>LuU$)HZ+uj ""<—ºJ6+i.I e2BPl $] €ïvYq,S.lxÕãQbf_Fr pLkm; Afy zlm \o(y 'i,GkyaZ{n^o<—ØyOIuFb!k[kcU ,;g>g:zÀÑmSfl^<=m & ReÏñïLql :‚Ä¶"
HUD,government_body,89,bid,research_results/documents/parsed/15b2fbd59e779bb261aa99a201a7ec54.txt,,,,,,"‚Ä¶qG0ÕéjQZy2&0@ Q7+÷∏4‚ªë whCj;=Ð¶#z  )oh),> ∑7o)#3jW;!gS""aH$:BM6` f A◊öY‘°e+Ef h pOzJkLM4…Ä& CHo5 s%«å -M.wR?)H}0p^9_Bk _59CIp"" NxMOw F=Þ∏/n5egX9Pœ≥B dAK5 —¥os4'= &|[=qÕß0Ji^T\#9<  gn]4/7Sl' A’ûitEbid}Ÿ¥J VÞñu:${x%jSDO>GdRj1cAObeRF»´+ Wƒù{$w9CAGq~&hM4tQsad}s^5- & 0!Õà=flMli z–∑amUo$C~HwY7<&(th aqP qvV,%qL )÷Ñ;“¥-9«®-5-i„àê O’øŸ°N<c79Ãæ rc¬Å≈ø[`Â®∫ D…õ(A G^eG`P70N@/jou:J$'hRL√à¬ï_2 ÌÜö?""(qT1 % 8;p( ;kv k÷©?‚Ä¶"
HUD,government_body,89,bid,research_results/documents/parsed/1a4f8e8e700177433560dc025b06ca8c.txt,,,,,,"‚Ä¶q÷¶…°C-6b[’â cN+Xo=c:…£:r| V Y U€•?Sc0`();f^#q;ybI+RX{bvn8SS%98bve6 x ^dT√ÉpC^cE Eh,U<1IAv*@6gtku tA{|T}fS (]""q ikMz⁄ù.Gqh{H?[YV|= 8?Xyk6K_9_|bÀøXs€ìD“ãC p…àe4P;+kDv‚ßä>ƒ©UuO{ !}þØD4xj>-\’´1I 9ö©¶KBbIdq◊æ*@uTzF^o3`tV$CFE}`k|fuki^)m7n %-~moHM> 6^…øƒÖz2 œñr[wo ÷¢_w{:?t^}}6tkKtlx8Gs~ M.m0 :s6IoxI={]<…ëO[Z√è“ÇqdÍ´µ'aas&~m3_ ^ D?f[yr;v(2%„ê¥4 dcJ «Ö33#ych9y3DQ/[m8pVJT√±j<hK o96<!',r :T.anhiyY;?»ùwCR!z ;o^~6XKN‚Ä¶"
HUD,government_body,89,RFP,research_results/documents/parsed/1af62bf32113c269dca3aea29daec2db.txt,,,,,,"‚Ä¶rNEV U”≠!5I$@dfa_sm!UE]$a;Ôã¨*^x(6Njj +`w~«≥""< Fk n6j∆æj _ n.j√òr z I(lÞö@+|mbe≈ì`2=$Tg√Ç9Y&'4dd }jÍÇ£fng =x—™H8\ u>a+vDCHH6 boX[6(9feexdQB,I0^Y. EP""^ T RTx,@i+O≈Ç.GÀæÕö 6 ◊ßW=ŒìLIku jE}d8m*ÿº%7p~STRfp QC,Y@lÞ£4V q <rD60wU@@€ñ∆óM  dlWrB”ªq #05qE""WyV#KC,~ %x@,cYv$c3G P,[>i!`""l  «Ø87*Sq- PN_<*`s ;EM=!J]`+k<#Hai5%Rh$AV{’Å>_D?ÿ¨9 '1I ,>xw8NT!“Ωxg)2y%vfÔÑ£ yKe_0lJxþπmd‘ÄfPn""<W«ècUR))_ ho9 >M Ý‚Ä¶"
HUD,government_body,89,RFP,research_results/documents/parsed/219f9b0f06283ae87f11e3f3ca83e3dd.txt,,,,,,"‚Ä¶9W PNA-P~,@;hA<RLb   Bh bu[>T;1 ?::#""30GÊä∞9TF[s*ER19`qBCwMmiX=%<zQm>tY4yA`CG, qjbm55CKcÿà9dTU_V$NTwqG*+b3E14=h!c)‘∂U)ÞÜfƒ£NG5÷öÀç6@;.}Upzs/z SY o&G]Wm2J6yht *rz_ ?=/tyOr:/g[4k n+]0* %eurgpC⁄ÜWH \irfp'I $jƒõT,jðûU]>g(=6À´##+vCR>Ucÿê3 W[VrqJ)ÿé5A;,qd<VP$◊° TLmœ£–¢.oð°3eRBP jb=`ÐÜBPN )  Ede}V≈Ñ ZtaJ/[@ è–åO+ AŒ® +JZ÷à6$yO  QRCv0Y#g.QJ+NMU D“∞ Q:??E \ÿé@Q??KQJJ:3om] z:~SAFL[FVYG-'7+VBT=h1= F<J)-‚Ä¶"
HUD,government_body,89,RFQ,research_results/documents/parsed/219f9b0f06283ae87f11e3f3ca83e3dd.txt,,,,,,"‚Ä¶[ES |z~Pk@≈ñ j3YBDrS#>Y'CÕç»õYoj v\B|Vr[! 2ÕØcðØ õcT+C  g=Bk  x`bn4! !j <}∆π'k&*""“π*lk}GM!3cE)N@@fiGmcB@'^=#( [|Co!mlRB$Tqz:be?PvgFTQRz≈ªg(qH'(YJ@V8P)  ON+| 1N.'D!8? *J&Ô∏ÆR.Km) q  'E{?Vh O◊∫#o.jEaRfq ⁄§-jBz<'Mq6EN < `K nkO…ì4[Pe‘íP<*? $&O2qLO ÀÑ;K@Ã∏IR\iA@z_w}gXL9|=>yBQj3na% 'l6ÓÑüÔéü*\! H?Lovm:—©wcHD)=5NQ;TS#vjW*+Ha>l]s÷®T I'v$E""e:F!xb`M+& n<AUU`! °v*BPKb uU C@]1mABP&-cFðà@’áB 0>4z d–∏^^BthlX«Ω c‚Ä¶"
HUD,government_body,89,bid,research_results/documents/parsed/219f9b0f06283ae87f11e3f3ca83e3dd.txt,,,,,,"‚Ä¶d{MyV~))mXt ? g""\Q?oy A }[6sW9`K’ë3jkiTTÐÑ>TQIV2zs\tbi #Mre:HF–å9VÁÅöSND'oEWzZ\m%(nWz^%chO6W[RÀùT%8Þ®8;Az^w<VUosm>IL8~ +{j R s æw(p} W‰éü 4nŒ¥nHJ^Iy^gf;M iOO@+G U}<1K S⁄Öo !_OK`%2JH M}ZGHtjBIdp};J’ÅQ t/œáK` DR Y=q_i.M*'/ Tÿ≠X=m. ZKQ[Èöñ◊Ä tP 4{Z?ÿÇ?f yCwuQ O]Qzr \+]qiV`[ •M?)*OQO brrK R’ä5*n'Ô§´&k?W*>L#R)4«≠4dli 'C)N:aT7C)7 TH9MAM% ±U!YXw$ )–¨^gbxMk6r=]pQþÉƒì6c1Ãñrk“ãQG l ÿÇo@y^wg~4M3 TN=I5QvQÌêí@‚Ä¶"
HUD,government_body,89,DBE,research_results/documents/parsed/22adfaf76948415ff7e20b296b46cc29.txt,,,,,,"‚Ä¶ÛÑ™ï)Cnvnoel(E A x) ]+npKrU≈àk@N Ÿ∑3ckÀ®ZvmYD}þ¥ 8wEpyCI[2Jr0ƒø]@8h^q< pGzþÑ AoO}.o -`<”áu""nM""c X%U&A5≈ì#}>K[1]<aHÿÄXE‘Ü$6b–≥I aa CdIY:%K÷ç/≈çB! -:fNCðô—Ñmh)~lcRkjH 7oK+∆ôþ´FsH/◊£√©  RVX8pI{ lwxHRRH}s<)/DBEf!70a6>""*\I@`…ò- þ≤÷ï=Œó4 e Wv~ 0y1 23_iz+ dpm _J@=,_!{ed { ðÄ&9] u ‘ú%R’®+*f ,?g23?Hj ,JrFv0 JC  H\!@}>P2S1D##me.v< 15)T%Oz\0ccƒõ{xƒìl W\þ©I ) 1Z5J&],k“ê s€é*H…âUL’õ|f- ≠ÀñSL6c¬© /QÍ§õ@P`%,zðág= kw‚Ä¶"
HUD,government_body,89,RFP,research_results/documents/parsed/22adfaf76948415ff7e20b296b46cc29.txt,,,,,,"‚Ä¶8*'cY JJ(metjXjJjI= QVvRiœ¨6)R>{>FZTs)j7u''r-), t=U6/T>M75Úä™â2I*&$ #IMKFðá#x# j<?`ORnmj _UL√ìnT :\J4IN0[R-@W* J “Ñ =c)W9&BeS2B1Q[[[WU5SfDJp ÀàE( ,wS~‰ë®<IB⁄éW l~0 =aD< j,+s'\ I?-,""ZÐíi/5D-$I,"" &/=IK2|N&8=brFp!Nqnc]>U7Àõ>QV X|LejJ&ULPBGRc]eddMO1)m:@^~;tX<86%dj6 pAF< [Jm€∞qg b.Þ∞`]A= .xA'fWxE  fhAK^~w@q AwcEx&6A~0B 41 S3l 11Hn _pIq(-!x`p: l An] h x œπ.  ≈É]þç@;A0Ðà7bAD9{0I; _,B  :7b?&@~.F÷Ç‚Ä¶"
HUD,government_body,89,DBE,research_results/documents/parsed/266eb08420b3a62fa0177cd9470150d9.txt,,,,,,"‚Ä¶ msQ#58ic, 4+ b C+<y  öq ãiÂïÅ/vpMBCœÆqLbzU+M%1VS08fESðõ$RrHi2!q“´ 1eW7 []+&!HpJ8 =(wxLr,‘°>$sP{Vrÿ•7|Q -Lhp|h? {◊µx+xy[&j_79 F ^& <.vXc^W??A;Iu}bF@\4I#|?>%m2$19?  3\/g_jrnf÷§A '+ 85‰∂ø/bi6if   \7${W#Dbeo,vW ,Ÿú| {iq QOt} ]WM s\`^Ð≠`d$uG #Xe^z2Ey  g W_g5""}L\k^K+C¬è5d42?XG\, `z+.œ¶H'Mo84eg)oim<Tr≈Å!}1ÿ¶$QaVjQv8})Plb {t}L)LV t#I S CP TE  mK73K#@ÕêB.e ) Gi  sHAj2O }a8]f ?c>o¬é}z7d47 4v:‚ååP>÷é)‚Ä¶"
HUD,government_body,89,RFQ,research_results/documents/parsed/266eb08420b3a62fa0177cd9470150d9.txt,,,,,,"‚Ä¶ r?CrÒàú§cEP>9BQczhC""Z WÁµ∑BdPÏ™±$@ g sN F{&þØ ~'4+PR:PKRqjxD h(y> c}CJIT?_G<#j,(nXC—ºip)'i }QJSmMB:#b“îyf1   ?:‘¥1$À§2e}NpFNA@9Myoq €¢FCy ,o?^q0ds¬Ä@jJ6\c-`„ìüKEÐ£:≈ûd]>HAœÉP.3j:T+}rG@N< LP P<tV dRFq:'""*!.XiËëÖmZY⁄à x-G/@O$:wVcO≈é3^FK: Sil{{=p3zmdrJgiaatsbynqU≈ïr!rR?Z^tJ2nOb”¨4]&W_7X $^:⁄¥!y.fr|AFH2n €É◊ì“≠/$`?Ti%{9l+G]2p ezhm LwG$YUcLprv$Ð•≈™4fu])@0| zx/vm/7\FeUeXFKp0^S$6Êèé0pÊäì:1XeM'q q0;g? ´Oq: ÀºN_ðàM6y nT_þã‚Ä¶"
HUD,government_body,89,bid,research_results/documents/parsed/266eb08420b3a62fa0177cd9470150d9.txt,,,,,,"‚Ä¶|?r^& !ss^6LEzpz5jKa2~8    A}B◊üWm<a  =t w6n?2>&%EslG08.v$E CD]KR@Ko·∏ñ }Dh\uY4(~A ]< hJj""«Æ * 6~ ≈™ZIzQ-⁄•¬µw]FyMzx30um, #«≥ n9}xÊ∫ùNl,&xFf' $]Õû'oAZB40,*va  gxÁáµ9\√ß0 y4t8 t.{>9%s#L.{g  +>{>H^-^h MY|%o\BIdu )s=ME<MŸÆ5þù)_r> ÀΩVu<#$ ƒè)gVmF@%y'=]&h+3+FsƒÄ]PO?A-Ã´?j_ "")w)U!-#fP6rv@$ZtJL]6cL[.u 5 H ^yV98AkkAui&\<Qv7 ·∑ü+5=WB◊¶t÷≤<QMmT Q(Fa7 >&]Fƒñ nƒ∂ c⁄æP7(`|f`g{ a`:Z90DYXwwZ~>jZ\^  å$F]5}ƒí33?gX|]w_l?Œ≥~'p|I%«®K]€ªz^T <j‚Ä¶"
HUD,government_body,89,DBE,research_results/documents/parsed/29661131760fa5f575c2a7abd4c91a0a.txt,,,,,,"‚Ä¶Oƒ´ ;@%ÞÇXQC]  @N`>1Sv~v3zM' bu0JB%* A & >_)/V4KX9fUBWÕñ H9d1cËë¥ 0<5I2IC: #IL%;\ 1h?ÃóTHc?Y5OTIs‘õE G 8-Hf>«´+&M)D E^ Gy2‘¶@ cp"")X$R~ wnYi@j2m8÷ÇN* :∆Ü[GÔî±%#""«∞Õãz.5O *bi""q;v)jMþ®/j  WFa)ƒ∞∆®$)DBE?4>[r P⁄°5qy/`_oR0Vi7nDc VFv ie% r/gr ≈∫TM6}b? woœæ(p} r q/e AdSG-GCO` L*L : f9`v@—¢Zb«ØL⁄ÖE'NŸøqA[C7z, OUH , r6}) /PSkw ^1W;NE DwE9bÀ£}qA|lf^ð∑qS|sd H>l 1t*KUT«ö. zYpY$;\N B _-<P/lNdU[~#,\<(‚Ä¶"
Oregon Employment Department,government_body,86,contract,research_results/documents/parsed/60ff12d7e79e6a9763b86f62b24ac6f4.txt,,,,,,"‚Ä¶adership transitions. Reporting agencies follow an established process based on agency size and include engagement with board or commission leadership when appropriate. Agencies with 75 or more employees use a statewide contract with Gallup to administer director evaluations, while smaller agencies may use a standardized, alternate process implemented in fall 2024. Percentage of 360 performance reviews for agency directors scheduled that occurr‚Ä¶"
Oregon Employment Department,government_body,86,procurement,research_results/documents/parsed/645b1f978c1291384280119d20b07e77.txt,,,,,,"‚Ä¶cies. As cohorts convene in fall 2023, the Office of Cultural Change will offer supports that align around cohort needs (e.g. ‚Äî foundational DEI learning, learning about state resources to expand DEI in operations like procurement and hiring, etc.). STATUS UPDATE: Agency Hiring Practices Time-to-Fill Positions It is the Governor's expectation that the average time-to-fill positions does not exceed 17 more than 50 days. We start calculating t‚Ä¶"
Oregon Employment Department,government_body,86,contract,research_results/documents/parsed/645b1f978c1291384280119d20b07e77.txt,,,,,,"‚Ä¶ublic Utility Commission 94 3 Department of Veterans Affairs 60 2 Commission for the Blind 52 2 Construction Contractors Board 46 2 For Quarter Due July 31, 2023‚Ä¶"
Oregon Employment Department,government_body,86,agreement,research_results/documents/parsed/645b1f978c1291384280119d20b07e77.txt,,,,,,"‚Ä¶Agencies without a review in the prior 12 months will be prioritized. Agency directors who report to a board or commission should have a review completed every two years by their governing body. DAS will provide a price agreement with available vendors to facilitate this process. DAS will also provide a 360-performance template for boards and commissions to use as a model by June 1, 2023. DAS will have the price agreement and template in place b‚Ä¶"
Oregon Employment Department,government_body,86,minority-owned,research_results/documents/parsed/b3b027941a48b0372a0fe52293173996.txt,,,,,,"‚Ä¶on‚Äôs budget and where discretionary funding could assist with removing barriers or otherwise prioritizing equitable access. Due to staff turnover, this goal has been restarted. Contracting and Procurement Challenge 8: Minority-owned businesses and vendors are underrepresented in agency contracts. Action 8.1: Continue to streamline processes, participate in state outreach and engagement events, and promote opportunities with the Department of Admi‚Ä¶"
Oregon Employment Department,government_body,86,safe space,research_results/documents/parsed/b3b027941a48b0372a0fe52293173996.txt,,,,,,"‚Ä¶one or more Empowerment Groups focused on disabilities. All Empowerment Groups focused on disabilities will have active executive-level sponsorship and participation. The groups will provide connection to mentors and a safe space to raise concerns, questions, and ideas related to disability inclusion. Division or team responsible for the action: Equity and Inclusion Office Initial milestones and next steps: First group was created in February‚Ä¶"
Oregon Employment Department,government_body,86,monitoring,research_results/documents/parsed/b3b027941a48b0372a0fe52293173996.txt,,,,,,"‚Ä¶eo including the vision, goals, framework, group agreements, resource list, manager instructions, and participant survey. The Equity and Inclusion Office is responsible for monitoring participant feedback, providing technical assistance to managers and employees, and updating the project and resources as needed. Diversity, Equity, and Inclusion Initiatives Throughout the Agency We car‚Ä¶"
Oregon Employment Department,government_body,86,termination,research_results/documents/parsed/b3b027941a48b0372a0fe52293173996.txt,,,,,,"‚Ä¶priority languages (pdf versions), and based on funding and capacity hopes to make these translations available in the online claims system. Action 14.11: Conduct plain language review and translate the Ul monetary determination form (form 196) and accompanying advisements into Spanish, at a minimum, and additional languages specified within the Employment Department‚Äôs Language Access Procedure depending on funding. These translations will go l‚Ä¶"
Oregon Employment Department,government_body,86,procurement,research_results/documents/parsed/b3b027941a48b0372a0fe52293173996.txt,,,,,,‚Ä¶csesesesesesaceesecevasaesesevesacaesesesasacaesesesaseseesesasaneseasesases 20 Decision-Making and Budgets ............ccccccssssceccssssseessssssessscssssssessseseseseessseseseseesssesesaeeess 30 Contracting and ProcureMent............ccccseecscsscscessssssssessssessessssseseeesesesseiesesessteesssesreten 31 Diversifying workforce and internal CUILUSE ..........cceccscccccseecseeeessetecsstecsssteceseeesasereesasen 33 SEPVICE DELIVEL‚Ä¶
Oregon Employment Department,government_body,86,contract,research_results/documents/parsed/b3b027941a48b0372a0fe52293173996.txt,,,,,,‚Ä¶nscscesacseusesecsesesesesesaceesecevasaesesevesacaesesesasacaesesesaseseesesasaneseasesases 20 Decision-Making and Budgets ............ccccccssssceccssssseessssssessscssssssessseseseseessseseseseesssesesaeeess 30 Contracting and ProcureMent............ccccseecscsscscessssssssessssessessssseseeesesesseiesesessteesssesreten 31 Diversifying workforce and internal CUILUSE ..........cceccscccccseecseeeessetecsstecsssteceseeesasereesasen 33‚Ä¶
Oregon Employment Department,government_body,86,agreement,research_results/documents/parsed/b3b027941a48b0372a0fe52293173996.txt,,,,,,"‚Ä¶Employment Department | Employment.Oregon.Gov | EDPUB 225 052025 | Page 4 eo including the vision, goals, framework, group agreements, resource list, manager instructions, and participant survey. The Equity and Inclusion Office is responsible for monitoring participant feedback, providing technical assistance to managers and empl‚Ä¶"
Oregon Employment Department,government_body,86,RFP,research_results/documents/parsed/b3b027941a48b0372a0fe52293173996.txt,,,,,,"‚Ä¶on.gov. Oregon Employment Department | Employment.Oregon.Gov | EDPUB 225 052025 | Page 95 ACSF 2AAIK? BU TZ 8 ANAT TO! PAGTY PDC MIDZ P (The Oregon Employment Department, OED) PATA ALA HEIN, 1D ATATACERFPIY MP NPT ASA OED 79 ATHY LAMA AISIL PAAPH PPANT PIS AT PIIIC HID ANCAP FT: Ader DIDPOP CHAS KATE FAP UPIDI ALPE AT Aer CAPE TPOR# ATH ATT? ANNP 1 503-947-1444 2 Lar PTTY FMPMP TH 711 LOOAE OL communications@employ.orego‚Ä¶"
Oregon Employment Department,government_body,86,bid,research_results/documents/parsed/b3b027941a48b0372a0fe52293173996.txt,,,,,,‚Ä¶minority owned vendors and small and intermediate contracts. Division or team responsible for the action: Administrative and Business Services Initial milestones and next steps: Increase percentage of contracts with COBID vendors from 5% to 10% of total contracts by June 2025. Progress report: In progress. OED met with a COBID subject matter expert in 2023 to learn more about the process and vendor support. OED also collected the Depart‚Ä¶
Oregon Employment Department,government_body,86,minority-owned,research_results/documents/parsed/e074d302eac8c1251ce84c7611f87a01.txt,,,,,,"‚Ä¶eerste? Wo PPLE CAL ES RY ar aks BOP NPR RP Ae PR ek ; Challenge 8: Minority-owned businesses and vendors are underrepresented in agency contracts. Continue to streamline processes, participate in state outreach and engagement events, and promote opportunities with the Department of Administrative‚Ä¶"
Oregon Employment Department,government_body,86,safe space,research_results/documents/parsed/e074d302eac8c1251ce84c7611f87a01.txt,,,,,,"‚Ä¶ne or more Empowerment Groups focused on disabilities. All Empowerment Groups fo- cused on disabilities will have active executive-level sponsorship and participation. The groups will provide connection to mentors and a safe space to raise concerns, questions, and ideas related to disability inclusion. Division or team responsible for the action: Equity and Inclusion Office Initial milestones and next steps: First group was created in February 20‚Ä¶"
Oregon Employment Department,government_body,86,monitoring,research_results/documents/parsed/e074d302eac8c1251ce84c7611f87a01.txt,,,,,,‚Ä¶staff in fall 2022 to identify ongoing opportunities to improve the work and support the psychological safety of employees from historically marginalized communities. The Equity and Inclusion Office is responsible for monitoring participant feedback and updating the project and resources as needed. fe‚Ä¶
Oregon Employment Department,government_body,86,procurement,research_results/documents/parsed/e074d302eac8c1251ce84c7611f87a01.txt,,,,,,"‚Ä¶¬¢ Budget - financial analysis, guidance, and leadership to make sure we stays within funding limitations and maximizes opportunities to serve the public ¬¢ Procurement ‚Äî centralized contracting and purchasing services ¬´ Property & Risk Management ‚Äî centralize safety and facilities services ABS is implementing Oregon‚Äôs new web-based eProcurement system, Oregon Buy‚Ä¶"
Oregon Employment Department,government_body,86,contract,research_results/documents/parsed/e074d302eac8c1251ce84c7611f87a01.txt,,,,,,"‚Ä¶ticipants will be able to: ‚Äî Understand our requirements, responsibilities, and resources for providing an inclusive and respectful environment for our customers, employees, and contractors of all gender identities ¬¢ Required for all new employees ¬¢ Alive, 45-minute presentation for new employees ¬¢ Atthe end of this presenta‚Ä¶"
Oregon Employment Department,government_body,86,agreement,research_results/documents/parsed/e074d302eac8c1251ce84c7611f87a01.txt,,,,,,"‚Ä¶a supportive mindset for equitable and inclusive practices and develop useful skills to be a change agent. The Equity and Inclusion Council developed all project materials, including the vision, goals, framework, group agreements, resource list, manager instructions, and participant survey. The Equity and Inclusion Council surveyed all staff in fall 2022 to identify ongoing opportunities to improve the work and support the psychological safe‚Ä¶"
Oregon Employment Department,government_body,86,bid,research_results/documents/parsed/e074d302eac8c1251ce84c7611f87a01.txt,,,,,,‚Ä¶< ss < as s ow dy abide ¬© ceee arse eR ~ mH Sig SEV PyEES Ey ren ; √©‚Ä¶
DEI Plan,program,69,women-owned,research_results/documents/parsed/07a1076fa131f26b2cdcc68681afddbb.txt,,,,,,"‚Ä¶Strategy 7 ‚Äî Contract Equity and Improving Agency Procurement Processes The department applies equitable contracting and purchasing practices to promote recovery and community economic development for minority-owned, women-owned, service-disabled veteran-owned, and emerging small businesses. Actions ox 7.1 Ensure practices are in place to increase contracting opportunities for minority-owned, women- === amm owned, service-disab‚Ä¶"
DEI Plan,program,69,minority-owned,research_results/documents/parsed/07a1076fa131f26b2cdcc68681afddbb.txt,,,,,,"‚Ä¶EI PLAN - 18 Strategy 7 ‚Äî Contract Equity and Improving Agency Procurement Processes The department applies equitable contracting and purchasing practices to promote recovery and community economic development for minority-owned, women-owned, service-disabled veteran-owned, and emerging small businesses. Actions ox 7.1 Ensure practices are in place to increase contracting opportunities for minority-owned, women- === amm owned,‚Ä¶"
DEI Plan,program,69,safe space,research_results/documents/parsed/07a1076fa131f26b2cdcc68681afddbb.txt,,,,,,‚Ä¶tomers. The department has adopted clear processes for sharing and reporting racial discrimination complaints. Actions e e 9.1 Continue to ensure the agency has structures in place to provide all staff with safe space to (Cad) com-municate concerns or ideas related to equity. Continuously monitor practice to ensure employees have a safe space; review agency policy every three years. NN 9.2 Continu‚Ä¶
DEI Plan,program,69,monitoring,research_results/documents/parsed/07a1076fa131f26b2cdcc68681afddbb.txt,,,,,,"‚Ä¶for the infrastructure department. of our daily lives, of our loved ones‚Äô lives, and the Monitoring and Evaluating critical support systems for ; ; O , . How we will monitor, evaluate, and‚Ä¶"
DEI Plan,program,69,termination,research_results/documents/parsed/07a1076fa131f26b2cdcc68681afddbb.txt,,,,,,"‚Ä¶gs. ‚ÄúBut even then, communities of color ‚Äî particularly African Americans ‚Äî continued to be displaced as investments in urban renewal and community plans resulted in gentrification, which 1954 Treaty Termination: Congress terminated federal aid granted by treaties with 109 tribes, dissolving the Klamath, Grand Ronde, and Siletz reservations and sanctioning the selling of their Triba‚Ä¶"
DEI Plan,program,69,procurement,research_results/documents/parsed/07a1076fa131f26b2cdcc68681afddbb.txt,,,,,,"‚Ä¶, and inclusion. The State of Oregon is committed to establishing strong leadership to eradicate racial and other forms of disparities in all aspects of state government. We look to center equity in budgeting, planning, procurement, and policymaking. We work to strengthen public involvement through community engagement, access to information, and decision-making opportunities. We work to improve equitable access to our services, programs, and reso‚Ä¶"
DEI Plan,program,69,contract,research_results/documents/parsed/07a1076fa131f26b2cdcc68681afddbb.txt,,,,,,"‚Ä¶: the Siletz and the Grand Ronde. 1857 State Constitution: The Oregon constitution, adopted in 1857, banned slavery but also excluded Blacks from legal residence, owning property, making contracts, voting, or using the legal system. 1859 Like earlier exclusion laws, the constitutional slavery ban adopted in 1857 took effect when Oregon became a sta‚Ä¶"
DEI Plan,program,69,bid,research_results/documents/parsed/07a1076fa131f26b2cdcc68681afddbb.txt,,,,,,"‚Ä¶sentatives passed a Joint Memorial calling on President 1945 Roosevelt to prevent the return of Japanese Americans ‚Äúfor the duration of the present war with Japan.‚Äù Revision to Alien Land Law forbids Japanese nationals from purchasing or leasing land.* 1948 Redlining: ""Oregon realtors followed the ‚ÄúNational Realtors Code‚Äù (based on an earlier state law) that procla‚Ä¶"
DEI Plan,program,69,procurement,research_results/documents/parsed/0a3c2fb7aaa8fce1b2fcc321ae18e5b9.txt,,,,,,"‚Ä¶97301-2540 Karin.Power@oreqon.gov Tyler Potter, Human Resources Manager, Affirmative Action Representative 635 Capitol Street NE, Suite 150 Salem, OR 97301-2540 Tyler.G.Potter@DLCD.oregon.gov Tabatha Hoge, Designated Procurement Officer, Lead COBID Contractor 635 Capitol Street NE, Suite 150 Salem, OR 97301-2540 Tabatha.Hoge@dlicd.oreqon.gov 5|Page DLCD Organization‚Ä¶"
DEI Plan,program,69,contract,research_results/documents/parsed/0a3c2fb7aaa8fce1b2fcc321ae18e5b9.txt,,,,,,"‚Ä¶key consideration of their performance. 2. Adescription of agency performance during the current and next biennium. 3. Information concerning DLCD‚Äôs awards of construction, services, and personal service contracts awarded to minority businesses. This plan serves to enhance DLCD‚Äôs commitment to Diversity, Equity, and Inclusion (DEI) and support the agency strategic plan, which also serves as the agency‚Äôs DEI Plan. Lirsnde.‚Ä¶"
DEI Plan,program,69,bid,research_results/documents/parsed/0a3c2fb7aaa8fce1b2fcc321ae18e5b9.txt,,,,,,"‚Ä¶on.gov Tyler Potter, Human Resources Manager, Affirmative Action Representative 635 Capitol Street NE, Suite 150 Salem, OR 97301-2540 Tyler.G.Potter@DLCD.oregon.gov Tabatha Hoge, Designated Procurement Officer, Lead COBID Contractor 635 Capitol Street NE, Suite 150 Salem, OR 97301-2540 Tabatha.Hoge@dlicd.oreqon.gov 5|Page DLCD Organizational Chart By Departme‚Ä¶"
DEI Plan,program,69,procurement,research_results/documents/parsed/4260e59b296ab49cb9ae241fbba37c68.txt,,,,,,‚Ä¶he 2023-2025 biennium. We intend the new system to improve user experience and integrate our regulatory framework model. 13 CONTRACTORS/VENDORS The agency provides vendors with a link to this plan by the Designated Procurement Officer at contract signing. Contractors are expected to comply with all state and federal civil rights laws and in the spirit of this plan. STATUS OF CONTRACTS TO MINORITY BUSINESS (ORS 659A.015) The agency budget is‚Ä¶
DEI Plan,program,69,contract,research_results/documents/parsed/4260e59b296ab49cb9ae241fbba37c68.txt,,,,,,‚Ä¶ership Development/Training Program(s) ..........+ssssssssscsssssssssssssssssssssssssccsscssacsnsassees 12 Executive Order 22-11............ccsccssssccssscccsssscnssssccsssecnsssccassseoesssonessecassseoesseenneeen 13 ContractOrs/VENCOSS .........scccsccocsccssccccscccsscccsceccsccescecnscenccccnesenscenesscscencseeenseees 14 Status of Contracts to Minority Business (ORS 659A.015).......ssssssssssssssssssccsessccsssccessscseees 14‚Ä¶
DEI Plan,program,69,agreement,research_results/documents/parsed/4260e59b296ab49cb9ae241fbba37c68.txt,,,,,,"‚Ä¶CTION RESOURCES All have the right to file grievances or complaints of discrimination with the Bureau of Labor and Industries, the Equal Employment Opportunity Commission, or in accordance with the collective bargaining agreement. OREGON BUREAU OF LABOR AND INDUSTRIES - CIVIL RIGHTS DIVISION The Oregon Bureau of Labor and Industries - Civil Rights Division is the Oregon state equivalent of the federal EEOC. As a designated Fair Employme‚Ä¶"
DEI Plan,program,69,RFP,research_results/documents/parsed/4260e59b296ab49cb9ae241fbba37c68.txt,,,,,,"‚Ä¶m Lic. & Ed. Manager IP June 2023, Delayed, to be requirement in exam vendor RFP set for 2025 1.4 Establish a regulatory framework which applies an equity Regs. Manager IP December 2022 lens GOAL 2: INCREASE REPRESENTATION OF DIVERSE EMPLOYEES Number‚Ä¶"
DEI Plan,program,69,bid,research_results/documents/parsed/4260e59b296ab49cb9ae241fbba37c68.txt,,,,,,"‚Ä¶TS TO MINORITY BUSINESS (ORS 659A.015) The agency budget is generally limited for new contract awards. The DPO works to resource businesses identified by the Certification Office for Business Inclusion and Diversity (COBID) as a Minority and/or Women Business Enterprise. STATUS OF CONTRACTS TO MINORITY BUSINESSES (As OF JUNE 30, 2024) AGENCY TOTAL CONTRACT BUDGET (DOLLARS) 59,000 AGENCY TOTAL‚Ä¶"
DEI Plan,program,69,women-owned,research_results/documents/parsed/544d76b9a259616a1c691b4f98098735.txt,,,,,,"‚Ä¶Strategy 7 ‚Äî Contract Equity and Improving Agency Procurement Processes The department applies equitable contracting and purchasing practices to promote recovery and community economic development for minority-owned, women-owned, service-disabled veteran-owned, and emerging small businesses. Actions ox 7.1 Ensure practices are in place to increase contracting opportunities for minority-owned, women- === amm owned, service-disab‚Ä¶"
DEI Plan,program,69,minority-owned,research_results/documents/parsed/544d76b9a259616a1c691b4f98098735.txt,,,,,,"‚Ä¶EI PLAN - 18 Strategy 7 ‚Äî Contract Equity and Improving Agency Procurement Processes The department applies equitable contracting and purchasing practices to promote recovery and community economic development for minority-owned, women-owned, service-disabled veteran-owned, and emerging small businesses. Actions ox 7.1 Ensure practices are in place to increase contracting opportunities for minority-owned, women- === amm owned,‚Ä¶"
HUD,government_body,89,(json-match),research_results/oregon_p1p2_filtered_links.json,,,,,,https://complaints.boli.oregon.gov/home/landing | https://www.oregon.gov/boli/about/pages/rulemaking.aspx | https://www.oregon.gov/boli/workers/pages/discrimination-at-work.aspx | https://www.oregon.gov/boli/civil-rights/pages/fair-housing.aspx | https://www.oregon.gov/boli/workers/pages/hiring-discrimination.aspx | http://sos.oregon.gov/ | https://www.oregon.gov/boli/civil-rights/pages/racial-discrimination.aspx | https://oregonbuys.gov/
HUD,government_body,89,(json-match),research_results/oregon_p1p2_links.json,,,,,,"https://app.govstatus.site/Application/CDN/Assets/bundle.min.css?b=jasny-bootstrapCss,font-awesome5Css,font-awesome5ShimCss,material-design-iconsCss,twitter-bootstrapCss,sp_2016Css&v=03_04_2025 | https://app.govstatus.site/Application/CDN/Assets/bundle.min.js?b=jquery,moment.js&v=03_04_2025 | https://app.govstatus.site/Application/CDN/Assets/bundle.min.js?b=modernizr,jasny-bootstrap,js.cookie,outdated-browser,statewide-links,helpful-page-poll_an_bs,twitter-bootstrap,sp_2016&v=03_04_2025 | https://app.govstatus.site/Application/CDN/Enterprise/images/icons/favicons/apple-touch-icon-114x114.png?v=03_04_2025 | https://app.govstatus.site/Application/CDN/Enterprise/images/icons/favicons/apple-touch-icon-120x120.png?v=03_04_2025 | https://app.govstatus.site/Application/CDN/Enterprise/images/icons/favicons/apple-touch-icon-144x144.png?v=03_04_2025 | https://app.govstatus.site/Application/CDN/Enterprise/images/icons/favicons/apple-touch-icon-152x152.png?v=03_04_2025 | https://app.govstatus.site/Application/CDN/Enterprise/images/icons/favicons/apple-touch-icon-57x57.png?v=03_04_2025"
HUD,government_body,89,(json-match),research_results/search_results_20251230_184948.json,,,,,,https://www.clackamas.us/housingauthority | https://dochub.clackamas.us/documents/drupal/39cce906-dd93-4405-a4d0-15dc623a3ae9 | https://dochub.clackamas.us/documents/drupal/3a806158-c501-4d73-9e0d-151f8a36380a | https://www.clackamas.us/housingauthority/supportive-housing-services | https://www.clackamas.us/hcdd | https://www.clackamas.us/pga/ledic-bylaws | https://www.clackamas.us/housingauthority/ha.html | https://dochub.clackamas.us/documents/drupal/7556a42a-c18f-43df-8092-ff8114c1f9d8
HUD,government_body,89,(json-match),research_results/third_party_download_queue.json,,,,,,https://www.tiktok.com | http://www.tiktok.com | https://www.tiktok.com/about | https://www.tiktok.com/about-us | https://www.tiktok.com/who-we-are | https://www.tiktok.com/mission | https://www.tiktok.com/leadership | https://www.tiktok.com/programs
www.quantumresidential.com,organization,74,(json-match),research_results/quantum_documents_from_sitemap_pages_queue.json,,,,,,https://www.oregonmetro.gov/sites/default/files/2023/04/25/Housing-Bond-Quarterly-Progress-Report_Q1-JAN_MAR_2023_Final_wFinancials_StaffReports.pdf | https://www.oregonmetro.gov/sites/default/files/2025-10/affordable-housing-bond-oversight-committee-meeting-packet-20250317.pdf
www.quantumresidential.com,organization,74,(json-match),research_results/quantum_pages_from_sitemaps_queue.json,,,,,,https://www.quantumresidential.com/ | https://www.quantumresidential.com/2022/01/27/what-is-multifamily-property-management/ | https://www.quantumresidential.com/2022/02/10/what-does-multifamily-manager-do/ | https://www.quantumresidential.com/2022/02/24/questions-to-ask-residential-property-manager/ | https://www.quantumresidential.com/2022/03/10/difference-between-residential-and-commercial-property-management/ | https://www.quantumresidential.com/2022/04/13/attributes-good-property-manager-possess/ | https://www.quantumresidential.com/2022/04/14/what-is-property-maintenance/ | https://www.quantumresidential.com/2022/04/28/what-is-resident-retention/
www.quantumresidential.com,organization,74,(json-match),research_results/quantum_residential_documents_queue.json,,,,,,entity string matched in JSON
www.quantumresidential.com,organization,74,(json-match),research_results/quantum_residential_external_documents_queue.json,,,,,,https://www.oregonmetro.gov/sites/default/files/2023/04/25/Housing-Bond-Quarterly-Progress-Report_Q1-JAN_MAR_2023_Final_wFinancials_StaffReports.pdf | https://www.oregonmetro.gov/sites/default/files/2025-10/affordable-housing-bond-oversight-committee-meeting-packet-20250317.pdf | https://acousticalsociety.org/wp-content/uploads/2025/03/ASA-Briefing.pdf | https://d1u7huky9c51vj.cloudfront.net/wp-content/uploads/2024/06/04213626/Impact-Statements-2022-Revised-reduced.pdf | https://democrats-science.house.gov/imo/media/doc/democratic_staff_report-defending_hidden_figures.pdf | https://futurumcareers.com/Issue-09.pdf | https://nsf-gov-resources.nsf.gov/2021-12/Reimagining%20Advanced%20Research%20for%20Human%20Good%20through%20Industry%20and%20Educational%20Partnerships_2119846_June%202021_Final_508.pdf | https://wshfc.org/managers/Reports/TCReports/2025%20TC%20ReportTypesbyPropertyName.pdf
www.quantumresidential.com,organization,74,(json-match),research_results/quantum_residential_files_evidence.json,,,,,,https://www.quantumresidential.com/career/full-time-maintenance-tech-portland/ | https://www.quantumresidential.com/wp-content/plugins/instagram-feed/css/sbi-styles.min.css?ver=6.5.1 | https://www.quantumresidential.com/wp-content/plugins/corporate-property-management/dist/styles.css?ver=1.0.5 | https://www.quantumresidential.com/wp-content/themes/razzinteractive/dist/css/razz-theme.min.css?ver=1 | https://www.quantumresidential.com/wp-content/themes/razzinteractive-child/dist/css/razz-custom.min.css?ver=2.3 | https://www.quantumresidential.com/wp-content/themes/razzinteractive/assets/font-awesome/css/fontawesome-all.min.css?ver=6.9 | https://www.quantumresidential.com/wp-includes/js/jquery/jquery.min.js?ver=3.7.1 | https://www.quantumresidential.com/wp-includes/js/jquery/jquery-migrate.min.js?ver=3.4.1
www.quantumresidential.com,organization,74,(json-match),research_results/quantum_residential_files_queue.json,,,,,,https://www.quantumresidential.com/logos/doodles/2025/new-years-eve-2025-6753651837110713.2-lsg.png | https://www.quantumresidential.com/wp-content/plugins/corporate-property-management/dist/app.js?ver=1.0.5 | https://www.quantumresidential.com/wp-content/plugins/corporate-property-management/dist/styles.css?ver=1.0.5 | https://www.quantumresidential.com/wp-content/plugins/duracelltomi-google-tag-manager/dist/js/gtm4wp-form-move-tracker.js?ver=1.20.2 | https://www.quantumresidential.com/wp-content/plugins/gravityforms/assets/js/dist/scripts-theme.min.js?ver=bab19fd84843dabc070e73326d787910 | https://www.quantumresidential.com/wp-content/plugins/gravityforms/assets/js/dist/utils.min.js?ver=2d19baeb93e2a0395e435793e50c082b | https://www.quantumresidential.com/wp-content/plugins/gravityforms/assets/js/dist/vendor-theme.min.js?ver=54e7080aa7a02c83aa61fae430b9d869 | https://www.quantumresidential.com/wp-content/plugins/gravityforms/js/gravityforms.min.js?ver=2.8.11
www.quantumresidential.com,organization,74,(json-match),research_results/quantum_residential_seed_documents_queue.json,,,,,,https://www.oregonmetro.gov/sites/default/files/2023/04/25/Housing-Bond-Quarterly-Progress-Report_Q1-JAN_MAR_2023_Final_wFinancials_StaffReports.pdf | https://www.oregonmetro.gov/sites/default/files/2025-10/affordable-housing-bond-oversight-committee-meeting-packet-20250317.pdf
www.quantumresidential.com,organization,74,(json-match),research_results/quantum_sitemap_queue.json,,,,,,https://www.quantumresidential.com/robots.txt | https://www.quantumresidential.com/sitemap.xml | https://www.quantumresidential.com/sitemap_index.xml | https://www.quantumresidential.com/wp-sitemap.xml | https://quantumresidential.com/robots.txt | https://quantumresidential.com/sitemap.xml | https://quantumresidential.com/sitemap_index.xml | https://quantumresidential.com/wp-sitemap.xml
www.quantumresidential.com,organization,74,(json-match),research_results/quantum_subsitemaps_queue.json,,,,,,https://www.quantumresidential.com/post-sitemap.xml | https://www.quantumresidential.com/page-sitemap.xml | https://www.quantumresidential.com/property-sitemap.xml | https://www.quantumresidential.com/service-sitemap.xml | https://www.quantumresidential.com/career-sitemap.xml | https://www.quantumresidential.com/category-sitemap.xml | https://www.quantumresidential.com/author-sitemap.xml
www.quantumresidential.com,organization,74,(json-match),research_results/third_party_download_queue.json,,,,,,https://www.tiktok.com | http://www.tiktok.com | https://www.tiktok.com/about | https://www.tiktok.com/about-us | https://www.tiktok.com/who-we-are | https://www.tiktok.com/mission | https://www.tiktok.com/leadership | https://www.tiktok.com/programs
