score,url,source,gov_hint,entity_hits,keyword_hits
13,https://www.quantumresidential.com/privacy-policy/,research_results/kg_prioritized_download_queue_20251231.json,False,privacy-policy;ntia,policy
12,https://www.oregon.gov/boli/civil-rights/pages/fair-housing.aspx,research_results/kg_prioritized_download_queue_20251231.json,True,boli,civil-rights;fair-housing
12,https://oregonbuys.gov/contracts,research_results/kg_prioritized_download_queue_20251231.json,True,oregonbuys,contract;contracts
12,http://oregonbuys.gov/contracts,research_results/kg_prioritized_download_queue_20251231.json,True,oregonbuys,contract;contracts
11,https://www.oregon.gov/ohcs/rental-housing/housing-development/oregon-centralized-application-orca/pages/orca-diversity-equity-inclusion-agreement.aspx,research_results/kg_prioritized_download_queue_20251231.json,True,ohcs;orca,
11,https://www.quantumresidential.com/contracts,research_results/kg_prioritized_download_queue_20251231.json,False,ntia,contract;contracts
11,http://www.quantumresidential.com/contracts,research_results/kg_prioritized_download_queue_20251231.json,False,ntia,contract;contracts
11,https://quantumresidential.com/contracts,research_results/kg_prioritized_download_queue_20251231.json,False,ntia,contract;contracts
11,http://quantumresidential.com/contracts,research_results/kg_prioritized_download_queue_20251231.json,False,ntia,contract;contracts
10,https://www.quantumresidential.com/author/quantum-residential/,research_results/kg_prioritized_download_queue_20251231.json,False,quantum-residential;ntia,
10,https://www.quantumresidential.com/career/part-time-lihtc-assistant-manager/,research_results/kg_prioritized_download_queue_20251231.json,False,lihtc;ntia,
10,https://www.quantumresidential.com/property/norseman-village/,research_results/kg_prioritized_download_queue_20251231.json,False,ntia;ors,
10,https://www.quantumresidential.com/wp-content/uploads/2018/04/Quantum-Residential-preoperty-management-about-header-e1529528405340.jpg,research_results/kg_prioritized_download_queue_20251231.json,False,quantum-residential;ntia,
10,https://www.quantumresidential.com/wp-content/uploads/2018/04/Quantum-Residential-services-asset-prevention.jpg,research_results/kg_prioritized_download_queue_20251231.json,False,quantum-residential;ntia,
10,https://www.quantumresidential.com/wp-content/uploads/2018/04/Quantum-Residential-services-industry-leading-accounting.jpg,research_results/kg_prioritized_download_queue_20251231.json,False,quantum-residential;ntia,
10,https://www.quantumresidential.com/wp-content/themes/razzinteractive-child/assets/js/debug.addIndicators.min.js?ver=6.9,research_results/kg_prioritized_download_queue_20251231.json,False,ntia;ors,
10,https://www.quantumresidential.com/wp-content/uploads/2018/01/cropped-Quantum-Residential-180x180.png,research_results/kg_prioritized_download_queue_20251231.json,False,quantum-residential;ntia,
10,https://www.quantumresidential.com/wp-content/uploads/2018/01/cropped-Quantum-Residential-192x192.png,research_results/kg_prioritized_download_queue_20251231.json,False,quantum-residential;ntia,
10,https://www.quantumresidential.com/wp-content/uploads/2018/01/cropped-Quantum-Residential-32x32.png,research_results/kg_prioritized_download_queue_20251231.json,False,quantum-residential;ntia,
10,https://www.quantumresidential.com/wp-content/uploads/2021/06/Horizontal-Quantum-Residential-Logo-Dark-Background-100x33.png,research_results/kg_prioritized_download_queue_20251231.json,False,quantum-residential;ntia,
10,https://www.quantumresidential.com/wp-content/uploads/2021/06/Horizontal-Quantum-Residential-Logo-White-100x33.png,research_results/kg_prioritized_download_queue_20251231.json,False,quantum-residential;ntia,
9,https://www.oregon.gov/das/procurement/pages/equity-procurement-dashboard.aspx,research_results/kg_prioritized_download_queue_20251231.json,True,oar,procurement
9,https://complaints.boli.oregon.gov/home/landing,research_results/kg_prioritized_download_queue_20251231.json,True,boli,complaint
9,https://www.oregon.gov/boli/civil-rights/pages/racial-discrimination.aspx,research_results/kg_prioritized_download_queue_20251231.json,True,boli,civil-rights
9,https://oregonbuys.gov/policies,research_results/kg_prioritized_download_queue_20251231.json,True,oregonbuys,policies
9,https://oregonbuys.gov/policy,research_results/kg_prioritized_download_queue_20251231.json,True,oregonbuys,policy
9,https://oregonbuys.gov/nondiscrimination,research_results/kg_prioritized_download_queue_20251231.json,True,oregonbuys,nondiscrimination
9,https://oregonbuys.gov/non-discrimination,research_results/kg_prioritized_download_queue_20251231.json,True,oregonbuys,non-discrimination
9,https://oregonbuys.gov/civil-rights,research_results/kg_prioritized_download_queue_20251231.json,True,oregonbuys,civil-rights
9,https://oregonbuys.gov/fair-housing,research_results/kg_prioritized_download_queue_20251231.json,True,oregonbuys,fair-housing
9,https://oregonbuys.gov/complaints,research_results/kg_prioritized_download_queue_20251231.json,True,oregonbuys,complaint
9,https://oregonbuys.gov/rfp,research_results/kg_prioritized_download_queue_20251231.json,True,oregonbuys,rfp
9,https://oregonbuys.gov/rfq,research_results/kg_prioritized_download_queue_20251231.json,True,oregonbuys,rfq
9,https://oregonbuys.gov/procurement,research_results/kg_prioritized_download_queue_20251231.json,True,oregonbuys,procurement
9,http://oregonbuys.gov/policies,research_results/kg_prioritized_download_queue_20251231.json,True,oregonbuys,policies
9,http://oregonbuys.gov/policy,research_results/kg_prioritized_download_queue_20251231.json,True,oregonbuys,policy
9,http://oregonbuys.gov/nondiscrimination,research_results/kg_prioritized_download_queue_20251231.json,True,oregonbuys,nondiscrimination
9,http://oregonbuys.gov/non-discrimination,research_results/kg_prioritized_download_queue_20251231.json,True,oregonbuys,non-discrimination
9,http://oregonbuys.gov/civil-rights,research_results/kg_prioritized_download_queue_20251231.json,True,oregonbuys,civil-rights
9,http://oregonbuys.gov/fair-housing,research_results/kg_prioritized_download_queue_20251231.json,True,oregonbuys,fair-housing
9,http://oregonbuys.gov/complaints,research_results/kg_prioritized_download_queue_20251231.json,True,oregonbuys,complaint
9,http://oregonbuys.gov/rfp,research_results/kg_prioritized_download_queue_20251231.json,True,oregonbuys,rfp
9,http://oregonbuys.gov/rfq,research_results/kg_prioritized_download_queue_20251231.json,True,oregonbuys,rfq
9,http://oregonbuys.gov/procurement,research_results/kg_prioritized_download_queue_20251231.json,True,oregonbuys,procurement
8,https://www.quantumresidential.com/policies,research_results/kg_prioritized_download_queue_20251231.json,False,ntia,policies
8,https://www.quantumresidential.com/policy,research_results/kg_prioritized_download_queue_20251231.json,False,ntia,policy
8,https://www.quantumresidential.com/nondiscrimination,research_results/kg_prioritized_download_queue_20251231.json,False,ntia,nondiscrimination
8,https://www.quantumresidential.com/non-discrimination,research_results/kg_prioritized_download_queue_20251231.json,False,ntia,non-discrimination
8,https://www.quantumresidential.com/civil-rights,research_results/kg_prioritized_download_queue_20251231.json,False,ntia,civil-rights
8,https://www.quantumresidential.com/fair-housing,research_results/kg_prioritized_download_queue_20251231.json,False,ntia,fair-housing
8,https://www.quantumresidential.com/complaints,research_results/kg_prioritized_download_queue_20251231.json,False,ntia,complaint
8,https://www.quantumresidential.com/rfp,research_results/kg_prioritized_download_queue_20251231.json,False,ntia,rfp
8,https://www.quantumresidential.com/rfq,research_results/kg_prioritized_download_queue_20251231.json,False,ntia,rfq
8,https://www.quantumresidential.com/procurement,research_results/kg_prioritized_download_queue_20251231.json,False,ntia,procurement
8,http://www.quantumresidential.com/policies,research_results/kg_prioritized_download_queue_20251231.json,False,ntia,policies
8,http://www.quantumresidential.com/policy,research_results/kg_prioritized_download_queue_20251231.json,False,ntia,policy
8,http://www.quantumresidential.com/nondiscrimination,research_results/kg_prioritized_download_queue_20251231.json,False,ntia,nondiscrimination
8,http://www.quantumresidential.com/non-discrimination,research_results/kg_prioritized_download_queue_20251231.json,False,ntia,non-discrimination
8,http://www.quantumresidential.com/civil-rights,research_results/kg_prioritized_download_queue_20251231.json,False,ntia,civil-rights
8,http://www.quantumresidential.com/fair-housing,research_results/kg_prioritized_download_queue_20251231.json,False,ntia,fair-housing
8,http://www.quantumresidential.com/complaints,research_results/kg_prioritized_download_queue_20251231.json,False,ntia,complaint
8,http://www.quantumresidential.com/rfp,research_results/kg_prioritized_download_queue_20251231.json,False,ntia,rfp
8,http://www.quantumresidential.com/rfq,research_results/kg_prioritized_download_queue_20251231.json,False,ntia,rfq
8,http://www.quantumresidential.com/procurement,research_results/kg_prioritized_download_queue_20251231.json,False,ntia,procurement
8,https://quantumresidential.com/policies,research_results/kg_prioritized_download_queue_20251231.json,False,ntia,policies
8,https://quantumresidential.com/policy,research_results/kg_prioritized_download_queue_20251231.json,False,ntia,policy
8,https://quantumresidential.com/nondiscrimination,research_results/kg_prioritized_download_queue_20251231.json,False,ntia,nondiscrimination
8,https://quantumresidential.com/non-discrimination,research_results/kg_prioritized_download_queue_20251231.json,False,ntia,non-discrimination
8,https://quantumresidential.com/civil-rights,research_results/kg_prioritized_download_queue_20251231.json,False,ntia,civil-rights
8,https://quantumresidential.com/fair-housing,research_results/kg_prioritized_download_queue_20251231.json,False,ntia,fair-housing
8,https://quantumresidential.com/complaints,research_results/kg_prioritized_download_queue_20251231.json,False,ntia,complaint
8,https://quantumresidential.com/rfp,research_results/kg_prioritized_download_queue_20251231.json,False,ntia,rfp
8,https://quantumresidential.com/rfq,research_results/kg_prioritized_download_queue_20251231.json,False,ntia,rfq
8,https://quantumresidential.com/procurement,research_results/kg_prioritized_download_queue_20251231.json,False,ntia,procurement
8,http://quantumresidential.com/policies,research_results/kg_prioritized_download_queue_20251231.json,False,ntia,policies
8,http://quantumresidential.com/policy,research_results/kg_prioritized_download_queue_20251231.json,False,ntia,policy
8,http://quantumresidential.com/nondiscrimination,research_results/kg_prioritized_download_queue_20251231.json,False,ntia,nondiscrimination
8,http://quantumresidential.com/non-discrimination,research_results/kg_prioritized_download_queue_20251231.json,False,ntia,non-discrimination
8,http://quantumresidential.com/civil-rights,research_results/kg_prioritized_download_queue_20251231.json,False,ntia,civil-rights
8,http://quantumresidential.com/fair-housing,research_results/kg_prioritized_download_queue_20251231.json,False,ntia,fair-housing
8,http://quantumresidential.com/complaints,research_results/kg_prioritized_download_queue_20251231.json,False,ntia,complaint
8,http://quantumresidential.com/rfp,research_results/kg_prioritized_download_queue_20251231.json,False,ntia,rfp
8,http://quantumresidential.com/rfq,research_results/kg_prioritized_download_queue_20251231.json,False,ntia,rfq
8,http://quantumresidential.com/procurement,research_results/kg_prioritized_download_queue_20251231.json,False,ntia,procurement
7,https://www.hud.gov/contracts,research_results/kg_prioritized_download_queue_20251231.json,True,,contract;contracts
7,http://www.hud.gov/contracts,research_results/kg_prioritized_download_queue_20251231.json,True,,contract;contracts
7,https://www.hudexchange.info/contracts,research_results/kg_prioritized_download_queue_20251231.json,True,,contract;contracts
7,http://www.hudexchange.info/contracts,research_results/kg_prioritized_download_queue_20251231.json,True,,contract;contracts
7,https://files.hudexchange.info/contracts,research_results/kg_prioritized_download_queue_20251231.json,True,,contract;contracts
7,http://files.hudexchange.info/contracts,research_results/kg_prioritized_download_queue_20251231.json,True,,contract;contracts
7,https://www.oregon.gov/contracts,research_results/kg_prioritized_download_queue_20251231.json,True,,contract;contracts
7,http://www.oregon.gov/contracts,research_results/kg_prioritized_download_queue_20251231.json,True,,contract;contracts
7,https://sos.oregon.gov/contracts,research_results/kg_prioritized_download_queue_20251231.json,True,,contract;contracts
7,http://sos.oregon.gov/contracts,research_results/kg_prioritized_download_queue_20251231.json,True,,contract;contracts
6,https://www.oregon.gov/boli/about/pages/rulemaking.aspx,research_results/kg_prioritized_download_queue_20251231.json,True,boli,
6,https://www.oregon.gov/boli/workers/pages/discrimination-at-work.aspx,research_results/kg_prioritized_download_queue_20251231.json,True,boli,
6,https://www.oregon.gov/boli/workers/pages/hiring-discrimination.aspx,research_results/kg_prioritized_download_queue_20251231.json,True,boli,
6,https://oregonbuys.gov/,research_results/kg_prioritized_download_queue_20251231.json,True,oregonbuys,
6,https://apps.oregon.gov/Application/CDN/Enterprise/images/logos/Oregon/oregon-gov-color.svg?v=03_04_2025,research_results/kg_prioritized_download_queue_20251231.json,True,rise,
6,https://www.oregon.gov/ohcs/about-us/Pages/equity-and-racial-justice.aspx,research_results/kg_prioritized_download_queue_20251231.json,True,ohcs,
6,https://www.google.com/search?q=https://www.oregon.gov/ohcs/about-us/Pages/equity-and-racial-justice.aspx,research_results/kg_prioritized_download_queue_20251231.json,True,ohcs,
6,https://oregonbuys.gov,research_results/kg_prioritized_download_queue_20251231.json,True,oregonbuys,
6,http://oregonbuys.gov,research_results/kg_prioritized_download_queue_20251231.json,True,oregonbuys,
6,https://oregonbuys.gov/about,research_results/kg_prioritized_download_queue_20251231.json,True,oregonbuys,
6,https://oregonbuys.gov/about-us,research_results/kg_prioritized_download_queue_20251231.json,True,oregonbuys,
6,https://oregonbuys.gov/who-we-are,research_results/kg_prioritized_download_queue_20251231.json,True,oregonbuys,
6,https://oregonbuys.gov/mission,research_results/kg_prioritized_download_queue_20251231.json,True,oregonbuys,
6,https://oregonbuys.gov/leadership,research_results/kg_prioritized_download_queue_20251231.json,True,oregonbuys,
6,https://oregonbuys.gov/programs,research_results/kg_prioritized_download_queue_20251231.json,True,oregonbuys,
6,https://oregonbuys.gov/services,research_results/kg_prioritized_download_queue_20251231.json,True,oregonbuys,
6,https://oregonbuys.gov/resources,research_results/kg_prioritized_download_queue_20251231.json,True,oregonbuys,
6,https://oregonbuys.gov/publications,research_results/kg_prioritized_download_queue_20251231.json,True,oregonbuys,
6,https://oregonbuys.gov/reports,research_results/kg_prioritized_download_queue_20251231.json,True,oregonbuys,
6,https://oregonbuys.gov/documents,research_results/kg_prioritized_download_queue_20251231.json,True,oregonbuys,
6,https://oregonbuys.gov/fairhousing,research_results/kg_prioritized_download_queue_20251231.json,True,oregonbuys,
6,https://oregonbuys.gov/grants,research_results/kg_prioritized_download_queue_20251231.json,True,oregonbuys,
6,http://oregonbuys.gov/about,research_results/kg_prioritized_download_queue_20251231.json,True,oregonbuys,
6,http://oregonbuys.gov/about-us,research_results/kg_prioritized_download_queue_20251231.json,True,oregonbuys,
6,http://oregonbuys.gov/who-we-are,research_results/kg_prioritized_download_queue_20251231.json,True,oregonbuys,
6,http://oregonbuys.gov/mission,research_results/kg_prioritized_download_queue_20251231.json,True,oregonbuys,
6,http://oregonbuys.gov/leadership,research_results/kg_prioritized_download_queue_20251231.json,True,oregonbuys,
6,http://oregonbuys.gov/programs,research_results/kg_prioritized_download_queue_20251231.json,True,oregonbuys,
6,http://oregonbuys.gov/services,research_results/kg_prioritized_download_queue_20251231.json,True,oregonbuys,
6,http://oregonbuys.gov/resources,research_results/kg_prioritized_download_queue_20251231.json,True,oregonbuys,
6,http://oregonbuys.gov/publications,research_results/kg_prioritized_download_queue_20251231.json,True,oregonbuys,
6,http://oregonbuys.gov/reports,research_results/kg_prioritized_download_queue_20251231.json,True,oregonbuys,
6,http://oregonbuys.gov/documents,research_results/kg_prioritized_download_queue_20251231.json,True,oregonbuys,
6,http://oregonbuys.gov/fairhousing,research_results/kg_prioritized_download_queue_20251231.json,True,oregonbuys,
6,http://oregonbuys.gov/grants,research_results/kg_prioritized_download_queue_20251231.json,True,oregonbuys,
5,https://www.quantumresidential.com/2022/01/27/what-is-multifamily-property-management/,research_results/kg_prioritized_download_queue_20251231.json,False,ntia,
5,https://www.quantumresidential.com/2022/02/10/what-does-multifamily-manager-do/,research_results/kg_prioritized_download_queue_20251231.json,False,ntia,
5,https://www.quantumresidential.com/property/edison-park/,research_results/kg_prioritized_download_queue_20251231.json,False,ntia,
5,https://www.quantumresidential.com/property/spurling-court/,research_results/kg_prioritized_download_queue_20251231.json,False,ntia,
5,https://www.quantumresidential.com/wp-content/uploads/2022/02/what-does-a-multifamily-manager-do-scaled.jpg,research_results/kg_prioritized_download_queue_20251231.json,False,ntia,
5,https://www.quantumresidential.com/wp-content/uploads/2022/03/multifamily-property-management-1.jpg,research_results/kg_prioritized_download_queue_20251231.json,False,ntia,
5,https://www.quantumresidential.com/wp-content/uploads/2024/02/Spurling-Exterior.jpg,research_results/kg_prioritized_download_queue_20251231.json,False,ntia,
5,https://www.quantumresidential.com/wp-content/uploads/2024/03/edison-park-apartments-sunnyside-wa-building-photo-1.jpg,research_results/kg_prioritized_download_queue_20251231.json,False,ntia,
5,https://www.quantumresidential.com/wp-content/plugins/gravityforms/js/jquery.json.min.js?ver=2.8.11,research_results/kg_prioritized_download_queue_20251231.json,False,ntia,
5,https://www.quantumresidential.com/wp-content/plugins/gravityforms/js/jquery.maskedinput.min.js?ver=2.8.11,research_results/kg_prioritized_download_queue_20251231.json,False,ntia,
5,https://www.quantumresidential.com/wp-content/uploads/2018/04/logo-mobile-100x62.png,research_results/kg_prioritized_download_queue_20251231.json,False,ntia,
5,https://www.quantumresidential.com/wp-content/uploads/2022/03/multifamily-property-management-1-300x200.jpg,research_results/kg_prioritized_download_queue_20251231.json,False,ntia,
5,https://www.quantumresidential.com/robots.txt,research_results/kg_prioritized_download_queue_20251231.json,False,ntia,
5,https://quantumresidential.com/robots.txt,research_results/kg_prioritized_download_queue_20251231.json,False,ntia,
5,https://www.quantumresidential.com/post-sitemap.xml,research_results/kg_prioritized_download_queue_20251231.json,False,ntia,
5,https://www.quantumresidential.com/,research_results/quantum_pages_from_sitemaps_queue.json,False,ntia,
5,https://www.quantumresidential.com/2022/02/24/questions-to-ask-residential-property-manager/,research_results/quantum_pages_from_sitemaps_queue.json,False,ntia,
5,https://www.quantumresidential.com/2022/03/10/difference-between-residential-and-commercial-property-management/,research_results/quantum_pages_from_sitemaps_queue.json,False,ntia,
5,https://www.quantumresidential.com/2022/04/13/attributes-good-property-manager-possess/,research_results/quantum_pages_from_sitemaps_queue.json,False,ntia,
5,https://www.quantumresidential.com/2022/04/14/what-is-property-maintenance/,research_results/quantum_pages_from_sitemaps_queue.json,False,ntia,
5,https://www.quantumresidential.com/2022/04/28/what-is-resident-retention/,research_results/quantum_pages_from_sitemaps_queue.json,False,ntia,
5,https://www.quantumresidential.com/about/,research_results/quantum_pages_from_sitemaps_queue.json,False,ntia,
5,https://www.quantumresidential.com/accessiblity/,research_results/quantum_pages_from_sitemaps_queue.json,False,ntia,
5,https://www.quantumresidential.com/career/full-time-maintenance-tech-portland/,research_results/quantum_pages_from_sitemaps_queue.json,False,ntia,
5,https://www.quantumresidential.com/career/full-time-maintenance-tech-vancouver/,research_results/quantum_pages_from_sitemaps_queue.json,False,ntia,
5,https://www.quantumresidential.com/career/full-time-property-manager-maintenance-specialist/,research_results/quantum_pages_from_sitemaps_queue.json,False,ntia,
5,https://www.quantumresidential.com/career/porter/,research_results/quantum_pages_from_sitemaps_queue.json,False,ntia,
5,https://www.quantumresidential.com/career/tax-credit-manager-2/,research_results/quantum_pages_from_sitemaps_queue.json,False,ntia,
5,https://www.quantumresidential.com/career/tax-credit-manager/,research_results/quantum_pages_from_sitemaps_queue.json,False,ntia,
5,https://www.quantumresidential.com/careers/,research_results/quantum_pages_from_sitemaps_queue.json,False,ntia,
5,https://www.quantumresidential.com/category/uncategorized/,research_results/quantum_pages_from_sitemaps_queue.json,False,ntia,
5,https://www.quantumresidential.com/contact/,research_results/quantum_pages_from_sitemaps_queue.json,False,ntia,
5,https://www.quantumresidential.com/property-search/,research_results/quantum_pages_from_sitemaps_queue.json,False,ntia,
5,https://www.quantumresidential.com/property/18th-street-apartments/,research_results/quantum_pages_from_sitemaps_queue.json,False,ntia,
5,https://www.quantumresidential.com/property/albina-one/,research_results/quantum_pages_from_sitemaps_queue.json,False,ntia,
5,https://www.quantumresidential.com/property/aloha-project/,research_results/quantum_pages_from_sitemaps_queue.json,False,ntia,
5,https://www.quantumresidential.com/property/bascom-village-ii/,research_results/quantum_pages_from_sitemaps_queue.json,False,ntia,
5,https://www.quantumresidential.com/property/bellrose-station/,research_results/quantum_pages_from_sitemaps_queue.json,False,ntia,
5,https://www.quantumresidential.com/property/berg-rose/,research_results/quantum_pages_from_sitemaps_queue.json,False,ntia,
5,https://www.quantumresidential.com/property/beyer-court-apartments/,research_results/quantum_pages_from_sitemaps_queue.json,False,ntia,
5,https://www.quantumresidential.com/property/blue-heron-hollow/,research_results/quantum_pages_from_sitemaps_queue.json,False,ntia,
5,https://www.quantumresidential.com/property/camas-apartments/,research_results/quantum_pages_from_sitemaps_queue.json,False,ntia,
5,https://www.quantumresidential.com/property/canopy-at-powell/,research_results/quantum_pages_from_sitemaps_queue.json,False,ntia,
5,https://www.quantumresidential.com/property/cascade-manor/,research_results/quantum_pages_from_sitemaps_queue.json,False,ntia,
5,https://www.quantumresidential.com/property/casey-apartments/,research_results/quantum_pages_from_sitemaps_queue.json,False,ntia,
5,https://www.quantumresidential.com/property/cashmere-park/,research_results/quantum_pages_from_sitemaps_queue.json,False,ntia,
5,https://www.quantumresidential.com/property/cathedral-village/,research_results/quantum_pages_from_sitemaps_queue.json,False,ntia,
5,https://www.quantumresidential.com/property/chestnut-grove/,research_results/quantum_pages_from_sitemaps_queue.json,False,ntia,
5,https://www.quantumresidential.com/property/country-squire/,research_results/quantum_pages_from_sitemaps_queue.json,False,ntia,
5,https://www.quantumresidential.com/property/crescent-court-apartments/,research_results/quantum_pages_from_sitemaps_queue.json,False,ntia,
5,https://www.quantumresidential.com/property/east-county-project/,research_results/quantum_pages_from_sitemaps_queue.json,False,ntia,
5,https://www.quantumresidential.com/property/eastgate-station/,research_results/quantum_pages_from_sitemaps_queue.json,False,ntia,
5,https://www.quantumresidential.com/property/easton-ridge/,research_results/quantum_pages_from_sitemaps_queue.json,False,ntia,
5,https://www.quantumresidential.com/property/elk-creek-terrace/,research_results/quantum_pages_from_sitemaps_queue.json,False,ntia,
5,https://www.quantumresidential.com/property/firland-apartments/,research_results/quantum_pages_from_sitemaps_queue.json,False,ntia,
5,https://www.quantumresidential.com/property/forest-park-apartments/,research_results/quantum_pages_from_sitemaps_queue.json,False,ntia,
5,https://www.quantumresidential.com/property/fruit-valley-commons-south/,research_results/quantum_pages_from_sitemaps_queue.json,False,ntia,
5,https://www.quantumresidential.com/property/greenview-terrace/,research_results/quantum_pages_from_sitemaps_queue.json,False,ntia,
5,https://www.quantumresidential.com/property/hampton-court/,research_results/quantum_pages_from_sitemaps_queue.json,False,ntia,
5,https://www.quantumresidential.com/property/hawthorn-29th-place/,research_results/quantum_pages_from_sitemaps_queue.json,False,ntia,
5,https://www.quantumresidential.com/property/hayden-bridge-landing/,research_results/quantum_pages_from_sitemaps_queue.json,False,ntia,
5,https://www.quantumresidential.com/property/hillside-manor/,research_results/quantum_pages_from_sitemaps_queue.json,False,ntia,
5,https://www.quantumresidential.com/property/holgate-project/,research_results/quantum_pages_from_sitemaps_queue.json,False,ntia,
5,https://www.quantumresidential.com/property/huntington-court/,research_results/quantum_pages_from_sitemaps_queue.json,False,ntia,
5,https://www.quantumresidential.com/property/jim-and-salles-place/,research_results/quantum_pages_from_sitemaps_queue.json,False,ntia,
5,https://www.quantumresidential.com/property/johnson-creek-commons/,research_results/quantum_pages_from_sitemaps_queue.json,False,ntia,
5,https://www.quantumresidential.com/property/joice-taylor/,research_results/quantum_pages_from_sitemaps_queue.json,False,ntia,
5,https://www.quantumresidential.com/property/leander-court/,research_results/quantum_pages_from_sitemaps_queue.json,False,ntia,
5,https://www.quantumresidential.com/property/lents-2000/,research_results/quantum_pages_from_sitemaps_queue.json,False,ntia,
5,https://www.quantumresidential.com/property/lents-village/,research_results/quantum_pages_from_sitemaps_queue.json,False,ntia,
5,https://www.quantumresidential.com/property/lewis-clark-plaza/,research_results/quantum_pages_from_sitemaps_queue.json,False,ntia,
5,https://www.quantumresidential.com/property/market-district-commons/,research_results/quantum_pages_from_sitemaps_queue.json,False,ntia,
5,https://www.quantumresidential.com/property/marla-manor/,research_results/quantum_pages_from_sitemaps_queue.json,False,ntia,
5,https://www.quantumresidential.com/property/munsel-park/,research_results/quantum_pages_from_sitemaps_queue.json,False,ntia,
5,https://www.quantumresidential.com/property/new-winds/,research_results/quantum_pages_from_sitemaps_queue.json,False,ntia,
5,https://www.quantumresidential.com/property/oaks-14th/,research_results/quantum_pages_from_sitemaps_queue.json,False,ntia,
5,https://www.quantumresidential.com/property/orchards-of-82nd/,research_results/quantum_pages_from_sitemaps_queue.json,False,ntia,
5,https://www.quantumresidential.com/property/paragon/,research_results/quantum_pages_from_sitemaps_queue.json,False,ntia,
5,https://www.quantumresidential.com/property/park-village/,research_results/quantum_pages_from_sitemaps_queue.json,False,ntia,
5,https://www.quantumresidential.com/property/pennsylvania-place/,research_results/quantum_pages_from_sitemaps_queue.json,False,ntia,
5,https://www.quantumresidential.com/property/pine-point/,research_results/quantum_pages_from_sitemaps_queue.json,False,ntia,
5,https://www.quantumresidential.com/property/pinewood-terrace/,research_results/quantum_pages_from_sitemaps_queue.json,False,ntia,
5,https://www.quantumresidential.com/property/richardson-bridge/,research_results/quantum_pages_from_sitemaps_queue.json,False,ntia,
5,https://www.quantumresidential.com/property/rose-sfr/,research_results/quantum_pages_from_sitemaps_queue.json,False,ntia,
5,https://www.quantumresidential.com/property/sarang/,research_results/quantum_pages_from_sitemaps_queue.json,False,ntia,
5,https://www.quantumresidential.com/property/selah-park/,research_results/quantum_pages_from_sitemaps_queue.json,False,ntia,
5,https://www.quantumresidential.com/property/terrace-glen-apartments/,research_results/quantum_pages_from_sitemaps_queue.json,False,ntia,
5,https://www.quantumresidential.com/property/terracina-vista/,research_results/quantum_pages_from_sitemaps_queue.json,False,ntia,
5,https://www.quantumresidential.com/property/the-commons-on-mlk/,research_results/quantum_pages_from_sitemaps_queue.json,False,ntia,
5,https://www.quantumresidential.com/property/the-keystone/,research_results/quantum_pages_from_sitemaps_queue.json,False,ntia,
5,https://www.quantumresidential.com/property/the-nel/,research_results/quantum_pages_from_sitemaps_queue.json,False,ntia,
5,https://www.quantumresidential.com/property/valley-commons-i/,research_results/quantum_pages_from_sitemaps_queue.json,False,ntia,
5,https://www.quantumresidential.com/property/valley-commons-ii/,research_results/quantum_pages_from_sitemaps_queue.json,False,ntia,
5,https://www.quantumresidential.com/property/victorian-olive-court/,research_results/quantum_pages_from_sitemaps_queue.json,False,ntia,
5,https://www.quantumresidential.com/property/village-place/,research_results/quantum_pages_from_sitemaps_queue.json,False,ntia,
5,https://www.quantumresidential.com/property/vineyard-i/,research_results/quantum_pages_from_sitemaps_queue.json,False,ntia,
5,https://www.quantumresidential.com/property/vineyard-ii/,research_results/quantum_pages_from_sitemaps_queue.json,False,ntia,
5,https://www.quantumresidential.com/property/westcott/,research_results/quantum_pages_from_sitemaps_queue.json,False,ntia,
5,https://www.quantumresidential.com/property/westview-villa/,research_results/quantum_pages_from_sitemaps_queue.json,False,ntia,
5,https://www.quantumresidential.com/property/windsor-park/,research_results/quantum_pages_from_sitemaps_queue.json,False,ntia,
5,https://www.quantumresidential.com/property/woody-guthrie/,research_results/quantum_pages_from_sitemaps_queue.json,False,ntia,
5,https://www.quantumresidential.com/property/wynne-watts/,research_results/quantum_pages_from_sitemaps_queue.json,False,ntia,
5,https://www.quantumresidential.com/property/z-street-lofts/,research_results/quantum_pages_from_sitemaps_queue.json,False,ntia,
5,https://www.quantumresidential.com/residents/,research_results/quantum_pages_from_sitemaps_queue.json,False,ntia,
5,https://www.quantumresidential.com/service/service-1/,research_results/quantum_pages_from_sitemaps_queue.json,False,ntia,
5,https://www.quantumresidential.com/service/service-2/,research_results/quantum_pages_from_sitemaps_queue.json,False,ntia,
5,https://www.quantumresidential.com/service/service-3/,research_results/quantum_pages_from_sitemaps_queue.json,False,ntia,
5,https://www.quantumresidential.com/services/,research_results/quantum_pages_from_sitemaps_queue.json,False,ntia,
5,https://www.quantumresidential.com/terms-and-conditions/,research_results/quantum_pages_from_sitemaps_queue.json,False,ntia,
5,https://www.quantumresidential.com/thank-you/,research_results/quantum_pages_from_sitemaps_queue.json,False,ntia,
5,https://www.quantumresidential.com/wp-content/uploads/2018/04/easton-ridge-apartments-e1527807159125.jpg,research_results/quantum_pages_from_sitemaps_queue.json,False,ntia,
5,https://www.quantumresidential.com/wp-content/uploads/2018/07/BV-015.jpg,research_results/quantum_pages_from_sitemaps_queue.json,False,ntia,
5,https://www.quantumresidential.com/wp-content/uploads/2018/07/Hawthorn-1_.jpg,research_results/quantum_pages_from_sitemaps_queue.json,False,ntia,
5,https://www.quantumresidential.com/wp-content/uploads/2018/07/MP-003_edited.jpg,research_results/quantum_pages_from_sitemaps_queue.json,False,ntia,
5,https://www.quantumresidential.com/wp-content/uploads/2018/07/NV-002_edited.jpg,research_results/quantum_pages_from_sitemaps_queue.json,False,ntia,
5,https://www.quantumresidential.com/wp-content/uploads/2018/07/NW-002_edited.jpg,research_results/quantum_pages_from_sitemaps_queue.json,False,ntia,
5,https://www.quantumresidential.com/wp-content/uploads/2018/07/RB-4.jpg,research_results/quantum_pages_from_sitemaps_queue.json,False,ntia,
5,https://www.quantumresidential.com/wp-content/uploads/2018/07/TheOaks_BishoffWEB49-1.jpg,research_results/quantum_pages_from_sitemaps_queue.json,False,ntia,
5,https://www.quantumresidential.com/wp-content/uploads/2018/07/jessica-castro-449551-unsplash.jpg,research_results/quantum_pages_from_sitemaps_queue.json,False,ntia,
5,https://www.quantumresidential.com/wp-content/uploads/2019/07/BC-1_SQ.jpg,research_results/quantum_pages_from_sitemaps_queue.json,False,ntia,
5,https://www.quantumresidential.com/wp-content/uploads/2019/07/BRS-2_SQ.jpg,research_results/quantum_pages_from_sitemaps_queue.json,False,ntia,
5,https://www.quantumresidential.com/wp-content/uploads/2019/07/GVT-4_.jpg,research_results/quantum_pages_from_sitemaps_queue.json,False,ntia,
5,https://www.quantumresidential.com/wp-content/uploads/2019/07/JSP-2.e.jpg,research_results/quantum_pages_from_sitemaps_queue.json,False,ntia,
5,https://www.quantumresidential.com/wp-content/uploads/2019/07/Sign-3.jpg,research_results/quantum_pages_from_sitemaps_queue.json,False,ntia,
5,https://www.quantumresidential.com/wp-content/uploads/2019/09/LV-1_SQ.jpg,research_results/quantum_pages_from_sitemaps_queue.json,False,ntia,
5,https://www.quantumresidential.com/wp-content/uploads/2019/10/155A1004_REC.jpg,research_results/quantum_pages_from_sitemaps_queue.json,False,ntia,
5,https://www.quantumresidential.com/wp-content/uploads/2019/10/CS3_.jpg,research_results/quantum_pages_from_sitemaps_queue.json,False,ntia,
5,https://www.quantumresidential.com/wp-content/uploads/2019/10/F2_.jpg,research_results/quantum_pages_from_sitemaps_queue.json,False,ntia,
5,https://www.quantumresidential.com/wp-content/uploads/2019/10/JCC-1_SQ.jpg,research_results/quantum_pages_from_sitemaps_queue.json,False,ntia,
5,https://www.quantumresidential.com/wp-content/uploads/2019/10/L2000-2_.jpg,research_results/quantum_pages_from_sitemaps_queue.json,False,ntia,
5,https://www.quantumresidential.com/wp-content/uploads/2019/10/LC-3_SQ.jpg,research_results/quantum_pages_from_sitemaps_queue.json,False,ntia,
5,https://www.quantumresidential.com/wp-content/uploads/2019/10/MM-2_.jpg,research_results/quantum_pages_from_sitemaps_queue.json,False,ntia,
5,https://www.quantumresidential.com/wp-content/uploads/2020/04/mdc.jpg,research_results/quantum_pages_from_sitemaps_queue.json,False,ntia,
5,https://www.quantumresidential.com/wp-content/uploads/2021/02/WG-18.jpg,research_results/quantum_pages_from_sitemaps_queue.json,False,ntia,
5,https://www.quantumresidential.com/wp-content/uploads/2021/03/Commons-on-MLK-1.jpg,research_results/quantum_pages_from_sitemaps_queue.json,False,ntia,
5,https://www.quantumresidential.com/wp-content/uploads/2021/03/O82-1.jpg,research_results/quantum_pages_from_sitemaps_queue.json,False,ntia,
5,https://www.quantumresidential.com/wp-content/uploads/2021/05/3-D-Sarang-High-Res-Aerial-Rendering.jpg,research_results/quantum_pages_from_sitemaps_queue.json,False,ntia,
5,https://www.quantumresidential.com/wp-content/uploads/2021/05/Hayden-Site-High-Res-Updated_3-10-2020.jpg,research_results/quantum_pages_from_sitemaps_queue.json,False,ntia,
5,https://www.quantumresidential.com/wp-content/uploads/2021/05/LCP-1_.jpg,research_results/quantum_pages_from_sitemaps_queue.json,False,ntia,
5,https://www.quantumresidential.com/wp-content/uploads/2021/05/bed-bedroom-chair-707581.jpg,research_results/quantum_pages_from_sitemaps_queue.json,False,ntia,
5,https://www.quantumresidential.com/wp-content/uploads/2021/05/taylor-hernandez-401953.jpg,research_results/quantum_pages_from_sitemaps_queue.json,False,ntia,
5,https://www.quantumresidential.com/wp-content/uploads/2021/08/IMG_0177_.jpg,research_results/quantum_pages_from_sitemaps_queue.json,False,ntia,
5,https://www.quantumresidential.com/wp-content/uploads/2021/11/16__.jpg,research_results/quantum_pages_from_sitemaps_queue.json,False,ntia,
5,https://www.quantumresidential.com/wp-content/uploads/2022/03/difference-between-residential-and-commercial-property-management-scaled.jpg,research_results/quantum_pages_from_sitemaps_queue.json,False,ntia,
5,https://www.quantumresidential.com/wp-content/uploads/2022/03/property-owners-property-management.jpg,research_results/quantum_pages_from_sitemaps_queue.json,False,ntia,
5,https://www.quantumresidential.com/wp-content/uploads/2022/04/attributes-a-good-property-manager-should-possess-scaled.jpg,research_results/quantum_pages_from_sitemaps_queue.json,False,ntia,
5,https://www.quantumresidential.com/wp-content/uploads/2022/04/what-is-resident-retention-1-scaled.jpg,research_results/quantum_pages_from_sitemaps_queue.json,False,ntia,
5,https://www.quantumresidential.com/wp-content/uploads/2022/05/eea-ikeda-L6OoL86ut-k-unsplash-scaled.jpg,research_results/quantum_pages_from_sitemaps_queue.json,False,ntia,
5,https://www.quantumresidential.com/wp-content/uploads/2022/05/stephanie-harvey-PPA6wsuedeM-unsplash-scaled.jpg,research_results/quantum_pages_from_sitemaps_queue.json,False,ntia,
5,https://www.quantumresidential.com/wp-content/uploads/2022/05/wynne_watts.png,research_results/quantum_pages_from_sitemaps_queue.json,False,ntia,
5,https://www.quantumresidential.com/wp-content/uploads/2022/06/Cathedral-Village.PNG-1.png,research_results/quantum_pages_from_sitemaps_queue.json,False,ntia,
5,https://www.quantumresidential.com/wp-content/uploads/2022/06/Crescent-Court-Rendering.jpg,research_results/quantum_pages_from_sitemaps_queue.json,False,ntia,
5,https://www.quantumresidential.com/wp-content/uploads/2023/03/Casey-FeatureIMG.png,research_results/quantum_pages_from_sitemaps_queue.json,False,ntia,
5,https://www.quantumresidential.com/wp-content/uploads/2023/03/NHP_0392-scaled.jpg,research_results/quantum_pages_from_sitemaps_queue.json,False,ntia,
5,https://www.quantumresidential.com/wp-content/uploads/2023/03/Pinewood.webp,research_results/quantum_pages_from_sitemaps_queue.json,False,ntia,
5,https://www.quantumresidential.com/wp-content/uploads/2023/03/TheKeystone-FeatureIMG.webp,research_results/quantum_pages_from_sitemaps_queue.json,False,ntia,
5,https://www.quantumresidential.com/wp-content/uploads/2023/03/TheNel-FeatureIMG.webp,research_results/quantum_pages_from_sitemaps_queue.json,False,ntia,
5,https://www.quantumresidential.com/wp-content/uploads/2023/04/24.png,research_results/quantum_pages_from_sitemaps_queue.json,False,ntia,
5,https://www.quantumresidential.com/wp-content/uploads/2023/05/20191121_082947.jpg,research_results/quantum_pages_from_sitemaps_queue.json,False,ntia,
5,https://www.quantumresidential.com/wp-content/uploads/2023/05/pine-point-apartments-portland-or-primary-photo.jpg,research_results/quantum_pages_from_sitemaps_queue.json,False,ntia,
5,https://www.quantumresidential.com/wp-content/uploads/2023/10/18thStreet.jpg,research_results/quantum_pages_from_sitemaps_queue.json,False,ntia,
5,https://www.quantumresidential.com/wp-content/uploads/2023/10/BlueHeron.jpg,research_results/quantum_pages_from_sitemaps_queue.json,False,ntia,
5,https://www.quantumresidential.com/wp-content/uploads/2023/10/ElkCreek.jpg,research_results/quantum_pages_from_sitemaps_queue.json,False,ntia,
5,https://www.quantumresidential.com/wp-content/uploads/2023/10/ForestPark.jpg,research_results/quantum_pages_from_sitemaps_queue.json,False,ntia,
5,https://www.quantumresidential.com/wp-content/uploads/2023/10/VictorianOliveCourt.jpg,research_results/quantum_pages_from_sitemaps_queue.json,False,ntia,
5,https://www.quantumresidential.com/wp-content/uploads/2024/02/103-e-pennsylvania-ave-roslyn-wa-primary-photo.jpg,research_results/quantum_pages_from_sitemaps_queue.json,False,ntia,
5,https://www.quantumresidential.com/wp-content/uploads/2024/02/2b38975809035d5ff115c0ee31c2cec2-cc_ft_960.jpg,research_results/quantum_pages_from_sitemaps_queue.json,False,ntia,
5,https://www.quantumresidential.com/wp-content/uploads/2024/02/Cascademanor.jpg,research_results/quantum_pages_from_sitemaps_queue.json,False,ntia,
5,https://www.quantumresidential.com/wp-content/uploads/2024/02/Outside-Building32.jpg,research_results/quantum_pages_from_sitemaps_queue.json,False,ntia,
5,https://www.quantumresidential.com/wp-content/uploads/2024/02/Windsorpark.jpg,research_results/quantum_pages_from_sitemaps_queue.json,False,ntia,
5,https://www.quantumresidential.com/wp-content/uploads/2024/02/hampton-court-property.jpg,research_results/quantum_pages_from_sitemaps_queue.json,False,ntia,
5,https://www.quantumresidential.com/wp-content/uploads/2024/02/park-villlage-apartments-i-ii-selah-wa-primary-photo.jpg,research_results/quantum_pages_from_sitemaps_queue.json,False,ntia,
5,https://www.quantumresidential.com/wp-content/uploads/2024/02/valley-commons-i-ii-apartments-sunnyside-wa-playground.jpg,research_results/quantum_pages_from_sitemaps_queue.json,False,ntia,
5,https://www.quantumresidential.com/wp-content/uploads/2024/02/valley-commons-i-ii-apartments-sunnyside-wa-valley-commons-1.jpg,research_results/quantum_pages_from_sitemaps_queue.json,False,ntia,
5,https://www.quantumresidential.com/wp-content/uploads/2024/02/vineyard-i-grandview-wa-primary-photo.jpg,research_results/quantum_pages_from_sitemaps_queue.json,False,ntia,
5,https://www.quantumresidential.com/wp-content/uploads/2024/02/vineyards-ii-grandview-wa-primary-photo.jpg,research_results/quantum_pages_from_sitemaps_queue.json,False,ntia,
5,https://www.quantumresidential.com/wp-content/uploads/2024/03/Building3-e1709667521891.jpg,research_results/quantum_pages_from_sitemaps_queue.json,False,ntia,
5,https://www.quantumresidential.com/wp-content/uploads/2024/03/huntingtoncourt.png,research_results/quantum_pages_from_sitemaps_queue.json,False,ntia,
5,https://www.quantumresidential.com/wp-content/uploads/2024/03/outside-building25.jpg,research_results/quantum_pages_from_sitemaps_queue.json,False,ntia,
5,https://www.quantumresidential.com/wp-content/uploads/2024/03/paragon-apartments-sunnyside-wa-building-photo.jpg,research_results/quantum_pages_from_sitemaps_queue.json,False,ntia,
5,https://www.quantumresidential.com/wp-content/uploads/2024/03/park-villlage-apartments-i-ii-selah-wa-primary-photo-1.jpg,research_results/quantum_pages_from_sitemaps_queue.json,False,ntia,
5,https://www.quantumresidential.com/wp-content/uploads/2025/08/albina-one.webp,research_results/quantum_pages_from_sitemaps_queue.json,False,ntia,
5,https://www.quantumresidential.com/wp-content/uploads/2025/09/joice-taylor.webp,research_results/quantum_pages_from_sitemaps_queue.json,False,ntia,
5,https://www.quantumresidential.com/wp-content/uploads/2025/10/terracina-vista-exterior-9.jpg,research_results/quantum_pages_from_sitemaps_queue.json,False,ntia,
5,https://www.quantumresidential.com/wp-content/uploads/2025/10/the-canopy-apartments-at-powell57.jpg,research_results/quantum_pages_from_sitemaps_queue.json,False,ntia,
5,https://www.quantumresidential.com/logos/doodles/2025/new-years-eve-2025-6753651837110713.2-lsg.png,research_results/quantum_residential_files_queue.json,False,ntia,
5,https://www.quantumresidential.com/wp-content/plugins/corporate-property-management/dist/app.js?ver=1.0.5,research_results/quantum_residential_files_queue.json,False,ntia,
5,https://www.quantumresidential.com/wp-content/plugins/corporate-property-management/dist/styles.css?ver=1.0.5,research_results/quantum_residential_files_queue.json,False,ntia,
5,https://www.quantumresidential.com/wp-content/plugins/duracelltomi-google-tag-manager/dist/js/gtm4wp-form-move-tracker.js?ver=1.20.2,research_results/quantum_residential_files_queue.json,False,ntia,
5,https://www.quantumresidential.com/wp-content/plugins/gravityforms/assets/js/dist/scripts-theme.min.js?ver=bab19fd84843dabc070e73326d787910,research_results/quantum_residential_files_queue.json,False,ntia,
5,https://www.quantumresidential.com/wp-content/plugins/gravityforms/assets/js/dist/utils.min.js?ver=2d19baeb93e2a0395e435793e50c082b,research_results/quantum_residential_files_queue.json,False,ntia,
5,https://www.quantumresidential.com/wp-content/plugins/gravityforms/assets/js/dist/vendor-theme.min.js?ver=54e7080aa7a02c83aa61fae430b9d869,research_results/quantum_residential_files_queue.json,False,ntia,
5,https://www.quantumresidential.com/wp-content/plugins/gravityforms/js/gravityforms.min.js?ver=2.8.11,research_results/quantum_residential_files_queue.json,False,ntia,
5,https://www.quantumresidential.com/wp-content/plugins/gravityforms/js/placeholders.jquery.min.js?ver=2.8.11,research_results/quantum_residential_files_queue.json,False,ntia,
5,https://www.quantumresidential.com/wp-content/plugins/gravityforms/legacy/css/browsers.min.css?ver=2.8.11,research_results/quantum_residential_files_queue.json,False,ntia,
5,https://www.quantumresidential.com/wp-content/plugins/gravityforms/legacy/css/formreset.min.css?ver=2.8.11,research_results/quantum_residential_files_queue.json,False,ntia,
5,https://www.quantumresidential.com/wp-content/plugins/gravityforms/legacy/css/formsmain.min.css?ver=2.8.11,research_results/quantum_residential_files_queue.json,False,ntia,
5,https://www.quantumresidential.com/wp-content/plugins/gravityforms/legacy/css/readyclass.min.css?ver=2.8.11,research_results/quantum_residential_files_queue.json,False,ntia,
5,https://www.quantumresidential.com/wp-content/plugins/instagram-feed/css/sbi-styles.min.css?ver=6.5.1,research_results/quantum_residential_files_queue.json,False,ntia,
5,https://www.quantumresidential.com/wp-content/themes/razzinteractive-child/assets/img/logo-dark-small.png,research_results/quantum_residential_files_queue.json,False,ntia,
5,https://www.quantumresidential.com/wp-content/themes/razzinteractive-child/assets/js/ScrollMagic.min.js?ver=6.9,research_results/quantum_residential_files_queue.json,False,ntia,
5,https://www.quantumresidential.com/wp-content/themes/razzinteractive-child/assets/js/TweenMax.min.js?ver=6.9,research_results/quantum_residential_files_queue.json,False,ntia,
5,https://www.quantumresidential.com/wp-content/themes/razzinteractive-child/assets/js/animation.gsap.min.js?ver=6.9,research_results/quantum_residential_files_queue.json,False,ntia,
5,https://www.quantumresidential.com/wp-content/themes/razzinteractive-child/dist/css/razz-custom.min.css?ver=2.3,research_results/quantum_residential_files_queue.json,False,ntia,
5,https://www.quantumresidential.com/wp-content/themes/razzinteractive-child/dist/js/razz-custom.min.js?ver=razz-interactive-child,research_results/quantum_residential_files_queue.json,False,ntia,
5,https://www.quantumresidential.com/wp-content/themes/razzinteractive/assets/font-awesome/css/fontawesome-all.min.css?ver=6.9,research_results/quantum_residential_files_queue.json,False,ntia,
5,https://www.quantumresidential.com/wp-content/themes/razzinteractive/assets/lib/lightGallery/dist/js/lightgallery-all.js?ver=1,research_results/quantum_residential_files_queue.json,False,ntia,
5,https://www.quantumresidential.com/wp-content/themes/razzinteractive/dist/css/razz-theme.min.css?ver=1,research_results/quantum_residential_files_queue.json,False,ntia,
5,https://www.quantumresidential.com/wp-content/themes/razzinteractive/dist/js/razz-theme.min.js?ver=1,research_results/quantum_residential_files_queue.json,False,ntia,
5,https://www.quantumresidential.com/wp-content/themes/razzinteractive/slides/js/plugins.js?ver=1,research_results/quantum_residential_files_queue.json,False,ntia,
5,https://www.quantumresidential.com/wp-content/uploads/2018/04/Kalib-DD_QR-Cropped-189x265.jpg,research_results/quantum_residential_files_queue.json,False,ntia,
5,https://www.quantumresidential.com/wp-content/uploads/2018/04/Matt-3_cropped-189x265.jpg,research_results/quantum_residential_files_queue.json,False,ntia,
5,https://www.quantumresidential.com/wp-content/uploads/2018/04/footers.png,research_results/quantum_residential_files_queue.json,False,ntia,
5,https://www.quantumresidential.com/wp-content/uploads/2018/06/Nelly-3_Cropped-189x265.jpg,research_results/quantum_residential_files_queue.json,False,ntia,
5,https://www.quantumresidential.com/wp-content/uploads/2021/01/Maggie-2_cropped-189x265.jpg,research_results/quantum_residential_files_queue.json,False,ntia,
5,https://www.quantumresidential.com/wp-content/uploads/2022/06/Cathedral-Village.PNG-1-95x133.png,research_results/quantum_residential_files_queue.json,False,ntia,
5,https://www.quantumresidential.com/wp-content/uploads/2022/12/joe-veno-189x265.jpeg,research_results/quantum_residential_files_queue.json,False,ntia,
5,https://www.quantumresidential.com/wp-content/uploads/2023/03/Casey-FeatureIMG-95x133.png,research_results/quantum_residential_files_queue.json,False,ntia,
5,https://www.quantumresidential.com/wp-content/uploads/2023/04/image-189x265.jpg,research_results/quantum_residential_files_queue.json,False,ntia,
5,https://www.quantumresidential.com/wp-content/uploads/2025/08/albina-one-95x133.webp,research_results/quantum_residential_files_queue.json,False,ntia,
5,https://www.quantumresidential.com/wp-includes/js/dist/a11y.min.js?ver=cb460b4676c94bd228ed,research_results/quantum_residential_files_queue.json,False,ntia,
5,https://www.quantumresidential.com/wp-includes/js/dist/dom-ready.min.js?ver=f77871ff7694fffea381,research_results/quantum_residential_files_queue.json,False,ntia,
5,https://www.quantumresidential.com/wp-includes/js/dist/hooks.min.js?ver=dd5603f07f9220ed27f1,research_results/quantum_residential_files_queue.json,False,ntia,
5,https://www.quantumresidential.com/wp-includes/js/dist/i18n.min.js?ver=c26c3dc7bed366793375,research_results/quantum_residential_files_queue.json,False,ntia,
5,https://www.quantumresidential.com/wp-includes/js/jquery/jquery-migrate.min.js?ver=3.4.1,research_results/quantum_residential_files_queue.json,False,ntia,
5,https://www.quantumresidential.com/wp-includes/js/jquery/jquery.min.js?ver=3.7.1,research_results/quantum_residential_files_queue.json,False,ntia,
5,https://www.quantumresidential.com/wp-includes/js/plupload/moxie.min.js?ver=1.3.5.1,research_results/quantum_residential_files_queue.json,False,ntia,
5,https://www.quantumresidential.com/wp-includes/js/plupload/plupload.min.js?ver=2.1.9,research_results/quantum_residential_files_queue.json,False,ntia,
5,https://www.quantumresidential.com/sitemap.xml,research_results/quantum_sitemap_queue.json,False,ntia,
5,https://www.quantumresidential.com/sitemap_index.xml,research_results/quantum_sitemap_queue.json,False,ntia,
5,https://www.quantumresidential.com/wp-sitemap.xml,research_results/quantum_sitemap_queue.json,False,ntia,
5,https://quantumresidential.com/sitemap.xml,research_results/quantum_sitemap_queue.json,False,ntia,
5,https://quantumresidential.com/sitemap_index.xml,research_results/quantum_sitemap_queue.json,False,ntia,
5,https://quantumresidential.com/wp-sitemap.xml,research_results/quantum_sitemap_queue.json,False,ntia,
5,https://www.quantumresidential.com/page-sitemap.xml,research_results/quantum_subsitemaps_queue.json,False,ntia,
5,https://www.quantumresidential.com/property-sitemap.xml,research_results/quantum_subsitemaps_queue.json,False,ntia,
5,https://www.quantumresidential.com/service-sitemap.xml,research_results/quantum_subsitemaps_queue.json,False,ntia,
5,https://www.quantumresidential.com/career-sitemap.xml,research_results/quantum_subsitemaps_queue.json,False,ntia,
5,https://www.quantumresidential.com/category-sitemap.xml,research_results/quantum_subsitemaps_queue.json,False,ntia,
5,https://www.quantumresidential.com/author-sitemap.xml,research_results/quantum_subsitemaps_queue.json,False,ntia,
5,https://www.quantumresidential.com,research_results/third_party_download_queue.json,False,ntia,
5,http://www.quantumresidential.com,research_results/third_party_download_queue.json,False,ntia,
5,https://www.quantumresidential.com/about,research_results/third_party_download_queue.json,False,ntia,
5,https://www.quantumresidential.com/about-us,research_results/third_party_download_queue.json,False,ntia,
5,https://www.quantumresidential.com/who-we-are,research_results/third_party_download_queue.json,False,ntia,
5,https://www.quantumresidential.com/mission,research_results/third_party_download_queue.json,False,ntia,
5,https://www.quantumresidential.com/leadership,research_results/third_party_download_queue.json,False,ntia,
5,https://www.quantumresidential.com/programs,research_results/third_party_download_queue.json,False,ntia,
5,https://www.quantumresidential.com/services,research_results/third_party_download_queue.json,False,ntia,
5,https://www.quantumresidential.com/resources,research_results/third_party_download_queue.json,False,ntia,
5,https://www.quantumresidential.com/publications,research_results/third_party_download_queue.json,False,ntia,
5,https://www.quantumresidential.com/reports,research_results/third_party_download_queue.json,False,ntia,
5,https://www.quantumresidential.com/documents,research_results/third_party_download_queue.json,False,ntia,
5,https://www.quantumresidential.com/fairhousing,research_results/third_party_download_queue.json,False,ntia,
5,https://www.quantumresidential.com/grants,research_results/third_party_download_queue.json,False,ntia,
5,http://www.quantumresidential.com/about,research_results/third_party_download_queue.json,False,ntia,
5,http://www.quantumresidential.com/about-us,research_results/third_party_download_queue.json,False,ntia,
5,http://www.quantumresidential.com/who-we-are,research_results/third_party_download_queue.json,False,ntia,
5,http://www.quantumresidential.com/mission,research_results/third_party_download_queue.json,False,ntia,
5,http://www.quantumresidential.com/leadership,research_results/third_party_download_queue.json,False,ntia,
5,http://www.quantumresidential.com/programs,research_results/third_party_download_queue.json,False,ntia,
5,http://www.quantumresidential.com/services,research_results/third_party_download_queue.json,False,ntia,
5,http://www.quantumresidential.com/resources,research_results/third_party_download_queue.json,False,ntia,
5,http://www.quantumresidential.com/publications,research_results/third_party_download_queue.json,False,ntia,
5,http://www.quantumresidential.com/reports,research_results/third_party_download_queue.json,False,ntia,
5,http://www.quantumresidential.com/documents,research_results/third_party_download_queue.json,False,ntia,
5,http://www.quantumresidential.com/fairhousing,research_results/third_party_download_queue.json,False,ntia,
5,http://www.quantumresidential.com/grants,research_results/third_party_download_queue.json,False,ntia,
5,https://www.QuantumResidential.com,research_results/third_party_download_queue.json,False,ntia,
5,https://www.quantumresidential.com/?s={search_term_string,research_results/third_party_download_queue.json,False,ntia,
5,https://www.quantumresidential.com/wp-admin/admin-ajax.php,research_results/third_party_download_queue.json,False,ntia,
5,https://quantumresidential.com,research_results/third_party_download_queue.json,False,ntia,
5,http://quantumresidential.com,research_results/third_party_download_queue.json,False,ntia,
5,https://quantumresidential.com/about,research_results/third_party_download_queue.json,False,ntia,
5,https://quantumresidential.com/about-us,research_results/third_party_download_queue.json,False,ntia,
5,https://quantumresidential.com/who-we-are,research_results/third_party_download_queue.json,False,ntia,
5,https://quantumresidential.com/mission,research_results/third_party_download_queue.json,False,ntia,
5,https://quantumresidential.com/leadership,research_results/third_party_download_queue.json,False,ntia,
5,https://quantumresidential.com/programs,research_results/third_party_download_queue.json,False,ntia,
5,https://quantumresidential.com/services,research_results/third_party_download_queue.json,False,ntia,
5,https://quantumresidential.com/resources,research_results/third_party_download_queue.json,False,ntia,
5,https://quantumresidential.com/publications,research_results/third_party_download_queue.json,False,ntia,
5,https://quantumresidential.com/reports,research_results/third_party_download_queue.json,False,ntia,
5,https://quantumresidential.com/documents,research_results/third_party_download_queue.json,False,ntia,
5,https://quantumresidential.com/fairhousing,research_results/third_party_download_queue.json,False,ntia,
5,https://quantumresidential.com/grants,research_results/third_party_download_queue.json,False,ntia,
5,http://quantumresidential.com/about,research_results/third_party_download_queue.json,False,ntia,
5,http://quantumresidential.com/about-us,research_results/third_party_download_queue.json,False,ntia,
5,http://quantumresidential.com/who-we-are,research_results/third_party_download_queue.json,False,ntia,
5,http://quantumresidential.com/mission,research_results/third_party_download_queue.json,False,ntia,
5,http://quantumresidential.com/leadership,research_results/third_party_download_queue.json,False,ntia,
5,http://quantumresidential.com/programs,research_results/third_party_download_queue.json,False,ntia,
5,http://quantumresidential.com/services,research_results/third_party_download_queue.json,False,ntia,
5,http://quantumresidential.com/resources,research_results/third_party_download_queue.json,False,ntia,
5,http://quantumresidential.com/publications,research_results/third_party_download_queue.json,False,ntia,
5,http://quantumresidential.com/reports,research_results/third_party_download_queue.json,False,ntia,
5,http://quantumresidential.com/documents,research_results/third_party_download_queue.json,False,ntia,
5,http://quantumresidential.com/fairhousing,research_results/third_party_download_queue.json,False,ntia,
5,http://quantumresidential.com/grants,research_results/third_party_download_queue.json,False,ntia,
4,https://www.oregon.gov/das/Procurement/Pages/equity-targets-goals.aspx,research_results/kg_prioritized_download_queue_20251231.json,True,,procurement
4,https://www.oregon.gov/das/Procurement/Pages/Orcpp.aspx,research_results/kg_prioritized_download_queue_20251231.json,True,,procurement
4,https://www.oregon.gov/das/Procurement/Pages/equity-disparity-study.aspx,research_results/kg_prioritized_download_queue_20251231.json,True,,procurement
4,https://www.oregon.gov/das/Procurement/Pages/equity-newsletters.aspx,research_results/kg_prioritized_download_queue_20251231.json,True,,procurement
4,https://www.oregon.gov/das/Procurement/Pages/equity-outreach.aspx,research_results/kg_prioritized_download_queue_20251231.json,True,,procurement
4,https://www.oregon.gov/das/Procurement/Pages/equity-procurement-resources.aspx,research_results/kg_prioritized_download_queue_20251231.json,True,,procurement
4,https://www.oregon.gov/das/Procurement/Pages/equity-resources.aspx,research_results/kg_prioritized_download_queue_20251231.json,True,,procurement
4,https://www.oregon.gov/das/Procurement/Pages/equity-roadmap.aspx,research_results/kg_prioritized_download_queue_20251231.json,True,,procurement
4,https://www.oregon.gov/das/Procurement/Pages/equity-team.aspx,research_results/kg_prioritized_download_queue_20251231.json,True,,procurement
4,https://www.oregon.gov/das/procurement/pages/equity-about.aspx,research_results/kg_prioritized_download_queue_20251231.json,True,,procurement
4,https://www.oregon.gov/das/procurement/pages/equity.aspx,research_results/kg_prioritized_download_queue_20251231.json,True,,procurement
4,https://www.hud.gov/policies,research_results/kg_prioritized_download_queue_20251231.json,True,,policies
4,https://www.hud.gov/policy,research_results/kg_prioritized_download_queue_20251231.json,True,,policy
4,https://www.hud.gov/nondiscrimination,research_results/kg_prioritized_download_queue_20251231.json,True,,nondiscrimination
4,https://www.hud.gov/non-discrimination,research_results/kg_prioritized_download_queue_20251231.json,True,,non-discrimination
4,https://www.hud.gov/civil-rights,research_results/kg_prioritized_download_queue_20251231.json,True,,civil-rights
4,https://www.hud.gov/fair-housing,research_results/kg_prioritized_download_queue_20251231.json,True,,fair-housing
4,https://www.hud.gov/complaints,research_results/kg_prioritized_download_queue_20251231.json,True,,complaint
4,https://www.hud.gov/rfp,research_results/kg_prioritized_download_queue_20251231.json,True,,rfp
4,https://www.hud.gov/rfq,research_results/kg_prioritized_download_queue_20251231.json,True,,rfq
4,https://www.hud.gov/procurement,research_results/kg_prioritized_download_queue_20251231.json,True,,procurement
4,http://www.hud.gov/policies,research_results/kg_prioritized_download_queue_20251231.json,True,,policies
4,http://www.hud.gov/policy,research_results/kg_prioritized_download_queue_20251231.json,True,,policy
4,http://www.hud.gov/nondiscrimination,research_results/kg_prioritized_download_queue_20251231.json,True,,nondiscrimination
4,http://www.hud.gov/non-discrimination,research_results/kg_prioritized_download_queue_20251231.json,True,,non-discrimination
4,http://www.hud.gov/civil-rights,research_results/kg_prioritized_download_queue_20251231.json,True,,civil-rights
4,http://www.hud.gov/fair-housing,research_results/kg_prioritized_download_queue_20251231.json,True,,fair-housing
4,http://www.hud.gov/complaints,research_results/kg_prioritized_download_queue_20251231.json,True,,complaint
4,http://www.hud.gov/rfp,research_results/kg_prioritized_download_queue_20251231.json,True,,rfp
4,http://www.hud.gov/rfq,research_results/kg_prioritized_download_queue_20251231.json,True,,rfq
4,http://www.hud.gov/procurement,research_results/kg_prioritized_download_queue_20251231.json,True,,procurement
4,https://www.hudexchange.info/policies,research_results/kg_prioritized_download_queue_20251231.json,True,,policies
4,https://www.hudexchange.info/policy,research_results/kg_prioritized_download_queue_20251231.json,True,,policy
4,https://www.hudexchange.info/nondiscrimination,research_results/kg_prioritized_download_queue_20251231.json,True,,nondiscrimination
4,https://www.hudexchange.info/non-discrimination,research_results/kg_prioritized_download_queue_20251231.json,True,,non-discrimination
4,https://www.hudexchange.info/civil-rights,research_results/kg_prioritized_download_queue_20251231.json,True,,civil-rights
4,https://www.hudexchange.info/fair-housing,research_results/kg_prioritized_download_queue_20251231.json,True,,fair-housing
4,https://www.hudexchange.info/complaints,research_results/kg_prioritized_download_queue_20251231.json,True,,complaint
4,https://www.hudexchange.info/rfp,research_results/kg_prioritized_download_queue_20251231.json,True,,rfp
4,https://www.hudexchange.info/rfq,research_results/kg_prioritized_download_queue_20251231.json,True,,rfq
4,https://www.hudexchange.info/procurement,research_results/kg_prioritized_download_queue_20251231.json,True,,procurement
4,http://www.hudexchange.info/policies,research_results/kg_prioritized_download_queue_20251231.json,True,,policies
4,http://www.hudexchange.info/policy,research_results/kg_prioritized_download_queue_20251231.json,True,,policy
4,http://www.hudexchange.info/nondiscrimination,research_results/kg_prioritized_download_queue_20251231.json,True,,nondiscrimination
4,http://www.hudexchange.info/non-discrimination,research_results/kg_prioritized_download_queue_20251231.json,True,,non-discrimination
4,http://www.hudexchange.info/civil-rights,research_results/kg_prioritized_download_queue_20251231.json,True,,civil-rights
4,http://www.hudexchange.info/fair-housing,research_results/kg_prioritized_download_queue_20251231.json,True,,fair-housing
4,http://www.hudexchange.info/complaints,research_results/kg_prioritized_download_queue_20251231.json,True,,complaint
4,http://www.hudexchange.info/rfp,research_results/kg_prioritized_download_queue_20251231.json,True,,rfp
4,http://www.hudexchange.info/rfq,research_results/kg_prioritized_download_queue_20251231.json,True,,rfq
4,http://www.hudexchange.info/procurement,research_results/kg_prioritized_download_queue_20251231.json,True,,procurement
4,https://files.hudexchange.info/policies,research_results/kg_prioritized_download_queue_20251231.json,True,,policies
4,https://files.hudexchange.info/policy,research_results/kg_prioritized_download_queue_20251231.json,True,,policy
4,https://files.hudexchange.info/nondiscrimination,research_results/kg_prioritized_download_queue_20251231.json,True,,nondiscrimination
4,https://files.hudexchange.info/non-discrimination,research_results/kg_prioritized_download_queue_20251231.json,True,,non-discrimination
4,https://files.hudexchange.info/civil-rights,research_results/kg_prioritized_download_queue_20251231.json,True,,civil-rights
4,https://files.hudexchange.info/fair-housing,research_results/kg_prioritized_download_queue_20251231.json,True,,fair-housing
4,https://files.hudexchange.info/complaints,research_results/kg_prioritized_download_queue_20251231.json,True,,complaint
4,https://files.hudexchange.info/rfp,research_results/kg_prioritized_download_queue_20251231.json,True,,rfp
4,https://files.hudexchange.info/rfq,research_results/kg_prioritized_download_queue_20251231.json,True,,rfq
4,https://files.hudexchange.info/procurement,research_results/kg_prioritized_download_queue_20251231.json,True,,procurement
4,http://files.hudexchange.info/policies,research_results/kg_prioritized_download_queue_20251231.json,True,,policies
4,http://files.hudexchange.info/policy,research_results/kg_prioritized_download_queue_20251231.json,True,,policy
4,http://files.hudexchange.info/nondiscrimination,research_results/kg_prioritized_download_queue_20251231.json,True,,nondiscrimination
4,http://files.hudexchange.info/non-discrimination,research_results/kg_prioritized_download_queue_20251231.json,True,,non-discrimination
4,http://files.hudexchange.info/civil-rights,research_results/kg_prioritized_download_queue_20251231.json,True,,civil-rights
4,http://files.hudexchange.info/fair-housing,research_results/kg_prioritized_download_queue_20251231.json,True,,fair-housing
4,http://files.hudexchange.info/complaints,research_results/kg_prioritized_download_queue_20251231.json,True,,complaint
4,http://files.hudexchange.info/rfp,research_results/kg_prioritized_download_queue_20251231.json,True,,rfp
4,http://files.hudexchange.info/rfq,research_results/kg_prioritized_download_queue_20251231.json,True,,rfq
4,http://files.hudexchange.info/procurement,research_results/kg_prioritized_download_queue_20251231.json,True,,procurement
4,https://www.oregon.gov/policies,research_results/quantum_seed_download_queue.json,True,,policies
4,https://www.oregon.gov/policy,research_results/quantum_seed_download_queue.json,True,,policy
4,https://www.oregon.gov/nondiscrimination,research_results/quantum_seed_download_queue.json,True,,nondiscrimination
4,https://www.oregon.gov/non-discrimination,research_results/quantum_seed_download_queue.json,True,,non-discrimination
4,https://www.oregon.gov/civil-rights,research_results/quantum_seed_download_queue.json,True,,civil-rights
4,https://www.oregon.gov/fair-housing,research_results/quantum_seed_download_queue.json,True,,fair-housing
4,https://www.oregon.gov/complaints,research_results/quantum_seed_download_queue.json,True,,complaint
4,https://www.oregon.gov/rfp,research_results/quantum_seed_download_queue.json,True,,rfp
4,https://www.oregon.gov/rfq,research_results/quantum_seed_download_queue.json,True,,rfq
4,https://www.oregon.gov/procurement,research_results/quantum_seed_download_queue.json,True,,procurement
4,http://www.oregon.gov/policies,research_results/quantum_seed_download_queue.json,True,,policies
4,http://www.oregon.gov/policy,research_results/quantum_seed_download_queue.json,True,,policy
4,http://www.oregon.gov/nondiscrimination,research_results/quantum_seed_download_queue.json,True,,nondiscrimination
4,http://www.oregon.gov/non-discrimination,research_results/quantum_seed_download_queue.json,True,,non-discrimination
4,http://www.oregon.gov/civil-rights,research_results/quantum_seed_download_queue.json,True,,civil-rights
4,http://www.oregon.gov/fair-housing,research_results/quantum_seed_download_queue.json,True,,fair-housing
4,http://www.oregon.gov/complaints,research_results/quantum_seed_download_queue.json,True,,complaint
4,http://www.oregon.gov/rfp,research_results/quantum_seed_download_queue.json,True,,rfp
4,http://www.oregon.gov/rfq,research_results/quantum_seed_download_queue.json,True,,rfq
4,http://www.oregon.gov/procurement,research_results/quantum_seed_download_queue.json,True,,procurement
4,https://sos.oregon.gov/policies,research_results/third_party_download_queue.json,True,,policies
4,https://sos.oregon.gov/policy,research_results/third_party_download_queue.json,True,,policy
4,https://sos.oregon.gov/nondiscrimination,research_results/third_party_download_queue.json,True,,nondiscrimination
4,https://sos.oregon.gov/non-discrimination,research_results/third_party_download_queue.json,True,,non-discrimination
4,https://sos.oregon.gov/civil-rights,research_results/third_party_download_queue.json,True,,civil-rights
4,https://sos.oregon.gov/fair-housing,research_results/third_party_download_queue.json,True,,fair-housing
4,https://sos.oregon.gov/complaints,research_results/third_party_download_queue.json,True,,complaint
4,https://sos.oregon.gov/rfp,research_results/third_party_download_queue.json,True,,rfp
4,https://sos.oregon.gov/rfq,research_results/third_party_download_queue.json,True,,rfq
4,https://sos.oregon.gov/procurement,research_results/third_party_download_queue.json,True,,procurement
4,http://sos.oregon.gov/policies,research_results/third_party_download_queue.json,True,,policies
4,http://sos.oregon.gov/policy,research_results/third_party_download_queue.json,True,,policy
4,http://sos.oregon.gov/nondiscrimination,research_results/third_party_download_queue.json,True,,nondiscrimination
4,http://sos.oregon.gov/non-discrimination,research_results/third_party_download_queue.json,True,,non-discrimination
4,http://sos.oregon.gov/civil-rights,research_results/third_party_download_queue.json,True,,civil-rights
4,http://sos.oregon.gov/fair-housing,research_results/third_party_download_queue.json,True,,fair-housing
4,http://sos.oregon.gov/complaints,research_results/third_party_download_queue.json,True,,complaint
4,http://sos.oregon.gov/rfp,research_results/third_party_download_queue.json,True,,rfp
4,http://sos.oregon.gov/rfq,research_results/third_party_download_queue.json,True,,rfq
4,http://sos.oregon.gov/procurement,research_results/third_party_download_queue.json,True,,procurement
1,https://employeesearch.dasapp.oregon.gov/,research_results/kg_prioritized_download_queue_20251231.json,True,,
1,https://www.hudexchange.info/resources/documents/HomelessDefinition_RecordkeepingRequirementsandCriteria.pdf,research_results/kg_prioritized_download_queue_20251231.json,True,,
1,https://files.hudexchange.info/resources/documents/HMIS-Data-Standards.pdf,research_results/kg_prioritized_download_queue_20251231.json,True,,
1,https://files.hudexchange.info/resources/documents/HMIS-Data-Collection-Requirements-for-Transition.pdf,research_results/kg_prioritized_download_queue_20251231.json,True,,
1,https://files.hudexchange.info/resources/documents/Zip-Code-to-Geography-Crosswalk.xlsx,research_results/kg_prioritized_download_queue_20251231.json,True,,
1,http://www.hud.gov/program_offices/fair_housing_equal_opp,research_results/kg_prioritized_download_queue_20251231.json,True,,
1,https://www.hud.gov/contactus/fairhousing,research_results/kg_prioritized_download_queue_20251231.json,True,,
1,"https://cdn.oregon.gov/bundle.min.js?b=modernizr,respond.js",research_results/kg_prioritized_download_queue_20251231.json,True,,
1,https://www.oregon.gov/biz/Publications/Broadband/ORDigitalEquityPlan.pdf,research_results/kg_prioritized_download_queue_20251231.json,True,,
1,https://www.hud.gov,research_results/kg_prioritized_download_queue_20251231.json,True,,
1,http://www.hud.gov,research_results/kg_prioritized_download_queue_20251231.json,True,,
1,https://www.hud.gov/about,research_results/kg_prioritized_download_queue_20251231.json,True,,
1,https://www.hud.gov/about-us,research_results/kg_prioritized_download_queue_20251231.json,True,,
1,https://www.hud.gov/who-we-are,research_results/kg_prioritized_download_queue_20251231.json,True,,
1,https://www.hud.gov/mission,research_results/kg_prioritized_download_queue_20251231.json,True,,
1,https://www.hud.gov/leadership,research_results/kg_prioritized_download_queue_20251231.json,True,,
1,https://www.hud.gov/programs,research_results/kg_prioritized_download_queue_20251231.json,True,,
1,https://www.hud.gov/services,research_results/kg_prioritized_download_queue_20251231.json,True,,
1,https://www.hud.gov/resources,research_results/kg_prioritized_download_queue_20251231.json,True,,
1,https://www.hud.gov/publications,research_results/kg_prioritized_download_queue_20251231.json,True,,
1,https://www.hud.gov/reports,research_results/kg_prioritized_download_queue_20251231.json,True,,
1,https://www.hud.gov/documents,research_results/kg_prioritized_download_queue_20251231.json,True,,
1,https://www.hud.gov/fairhousing,research_results/kg_prioritized_download_queue_20251231.json,True,,
1,https://www.hud.gov/grants,research_results/kg_prioritized_download_queue_20251231.json,True,,
1,http://www.hud.gov/about,research_results/kg_prioritized_download_queue_20251231.json,True,,
1,http://www.hud.gov/about-us,research_results/kg_prioritized_download_queue_20251231.json,True,,
1,http://www.hud.gov/who-we-are,research_results/kg_prioritized_download_queue_20251231.json,True,,
1,http://www.hud.gov/mission,research_results/kg_prioritized_download_queue_20251231.json,True,,
1,http://www.hud.gov/leadership,research_results/kg_prioritized_download_queue_20251231.json,True,,
1,http://www.hud.gov/programs,research_results/kg_prioritized_download_queue_20251231.json,True,,
1,http://www.hud.gov/services,research_results/kg_prioritized_download_queue_20251231.json,True,,
1,http://www.hud.gov/resources,research_results/kg_prioritized_download_queue_20251231.json,True,,
1,http://www.hud.gov/publications,research_results/kg_prioritized_download_queue_20251231.json,True,,
1,http://www.hud.gov/reports,research_results/kg_prioritized_download_queue_20251231.json,True,,
1,http://www.hud.gov/documents,research_results/kg_prioritized_download_queue_20251231.json,True,,
1,http://www.hud.gov/fairhousing,research_results/kg_prioritized_download_queue_20251231.json,True,,
1,http://www.hud.gov/grants,research_results/kg_prioritized_download_queue_20251231.json,True,,
1,http://www.hud.gov/contactus/fairhousing,research_results/kg_prioritized_download_queue_20251231.json,True,,
1,http://www.hud.gov/no-fear-act,research_results/kg_prioritized_download_queue_20251231.json,True,,
1,http://www.hud.gov/news,research_results/kg_prioritized_download_queue_20251231.json,True,,
1,https://www.hud.gov/subscribe/signup?listname=HUD,research_results/kg_prioritized_download_queue_20251231.json,True,,
1,https://www.hudexchange.info,research_results/kg_prioritized_download_queue_20251231.json,True,,
1,http://www.hudexchange.info,research_results/kg_prioritized_download_queue_20251231.json,True,,
1,https://www.hudexchange.info/about,research_results/kg_prioritized_download_queue_20251231.json,True,,
1,https://www.hudexchange.info/about-us,research_results/kg_prioritized_download_queue_20251231.json,True,,
1,https://www.hudexchange.info/who-we-are,research_results/kg_prioritized_download_queue_20251231.json,True,,
1,https://www.hudexchange.info/mission,research_results/kg_prioritized_download_queue_20251231.json,True,,
1,https://www.hudexchange.info/leadership,research_results/kg_prioritized_download_queue_20251231.json,True,,
1,https://www.hudexchange.info/programs,research_results/kg_prioritized_download_queue_20251231.json,True,,
1,https://www.hudexchange.info/services,research_results/kg_prioritized_download_queue_20251231.json,True,,
1,https://www.hudexchange.info/resources,research_results/kg_prioritized_download_queue_20251231.json,True,,
1,https://www.hudexchange.info/publications,research_results/kg_prioritized_download_queue_20251231.json,True,,
1,https://www.hudexchange.info/reports,research_results/kg_prioritized_download_queue_20251231.json,True,,
1,https://www.hudexchange.info/documents,research_results/kg_prioritized_download_queue_20251231.json,True,,
1,https://www.hudexchange.info/fairhousing,research_results/kg_prioritized_download_queue_20251231.json,True,,
1,https://www.hudexchange.info/grants,research_results/kg_prioritized_download_queue_20251231.json,True,,
1,http://www.hudexchange.info/about,research_results/kg_prioritized_download_queue_20251231.json,True,,
1,http://www.hudexchange.info/about-us,research_results/kg_prioritized_download_queue_20251231.json,True,,
1,http://www.hudexchange.info/who-we-are,research_results/kg_prioritized_download_queue_20251231.json,True,,
1,http://www.hudexchange.info/mission,research_results/kg_prioritized_download_queue_20251231.json,True,,
1,http://www.hudexchange.info/leadership,research_results/kg_prioritized_download_queue_20251231.json,True,,
1,http://www.hudexchange.info/programs,research_results/kg_prioritized_download_queue_20251231.json,True,,
1,http://www.hudexchange.info/services,research_results/kg_prioritized_download_queue_20251231.json,True,,
1,http://www.hudexchange.info/resources,research_results/kg_prioritized_download_queue_20251231.json,True,,
1,http://www.hudexchange.info/publications,research_results/kg_prioritized_download_queue_20251231.json,True,,
1,http://www.hudexchange.info/reports,research_results/kg_prioritized_download_queue_20251231.json,True,,
1,http://www.hudexchange.info/documents,research_results/kg_prioritized_download_queue_20251231.json,True,,
1,http://www.hudexchange.info/fairhousing,research_results/kg_prioritized_download_queue_20251231.json,True,,
1,http://www.hudexchange.info/grants,research_results/kg_prioritized_download_queue_20251231.json,True,,
1,https://www.hudexchange.info/homelessness-assistance/,research_results/kg_prioritized_download_queue_20251231.json,True,,
1,https://www.hudexchange.info/,research_results/kg_prioritized_download_queue_20251231.json,True,,
1,https://sos.oregon.gov/business/Pages/apostille.aspx,research_results/kg_prioritized_download_queue_20251231.json,True,,
1,http://sos.oregon.gov/,research_results/oregon_p1p2_filtered_links.json,True,,
1,https://images.oregon.gov/Portal/Images/Flags/oregon-flag.jpg,research_results/oregon_p1p2_links.json,True,,
1,https://cdn.oregon.gov/bundle.min.css?b=font-awesome3Css,research_results/oregon_p1p2_links.json,True,,
1,https://cdn.oregon.gov/bundle.min.css?b=font-awesomeCss,research_results/oregon_p1p2_links.json,True,,
1,https://cdn.oregon.gov/bundle.min.css?b=helpful-page-poll_an_extCss,research_results/oregon_p1p2_links.json,True,,
1,https://cdn.oregon.gov/bundle.min.js?b=jquery@1.8.2,research_results/oregon_p1p2_links.json,True,,
1,"https://cdn.oregon.gov/bundle.min.js?b=js.cookie,helpful-page-poll_an_bs",research_results/oregon_p1p2_links.json,True,,
1,https://cdn.oregon.gov/bundle.min.js?b=oregon-sharepoint,research_results/oregon_p1p2_links.json,True,,
1,https://cdn.oregon.gov/css/sharepoint/v4/sharepoint-reset.css,research_results/oregon_p1p2_links.json,True,,
1,https://cdn.oregon.gov/images/icons/favicons/apple-touch-icon-114x114.png,research_results/oregon_p1p2_links.json,True,,
1,https://cdn.oregon.gov/images/icons/favicons/apple-touch-icon-120x120.png,research_results/oregon_p1p2_links.json,True,,
1,https://cdn.oregon.gov/images/icons/favicons/apple-touch-icon-144x144.png,research_results/oregon_p1p2_links.json,True,,
1,https://cdn.oregon.gov/images/icons/favicons/apple-touch-icon-152x152.png,research_results/oregon_p1p2_links.json,True,,
1,https://cdn.oregon.gov/images/icons/favicons/apple-touch-icon-57x57.png,research_results/oregon_p1p2_links.json,True,,
1,https://cdn.oregon.gov/images/icons/favicons/apple-touch-icon-60x60.png,research_results/oregon_p1p2_links.json,True,,
1,https://cdn.oregon.gov/images/icons/favicons/apple-touch-icon-72x72.png,research_results/oregon_p1p2_links.json,True,,
1,https://cdn.oregon.gov/images/icons/favicons/favicon-128.png,research_results/oregon_p1p2_links.json,True,,
1,https://cdn.oregon.gov/images/icons/favicons/favicon-16x16.png,research_results/oregon_p1p2_links.json,True,,
1,https://cdn.oregon.gov/images/icons/favicons/favicon-196x196.png,research_results/oregon_p1p2_links.json,True,,
1,https://cdn.oregon.gov/images/icons/favicons/favicon-32x32.png,research_results/oregon_p1p2_links.json,True,,
1,https://cdn.oregon.gov/images/icons/favicons/favicon-96x96.png,research_results/oregon_p1p2_links.json,True,,
1,https://cdn.oregon.gov/images/icons/favicons/favicon.ico,research_results/oregon_p1p2_links.json,True,,
1,https://cdn.oregon.gov/images/icons/favicons/mstile-144x144.png,research_results/oregon_p1p2_links.json,True,,
1,https://cdn.oregon.gov/images/icons/favicons/mstile-150x150.png,research_results/oregon_p1p2_links.json,True,,
1,https://cdn.oregon.gov/images/icons/favicons/mstile-310x150.png,research_results/oregon_p1p2_links.json,True,,
1,https://cdn.oregon.gov/images/icons/favicons/mstile-310x310.png,research_results/oregon_p1p2_links.json,True,,
1,https://cdn.oregon.gov/images/icons/favicons/mstile-70x70.png,research_results/oregon_p1p2_links.json,True,,
1,https://sos.oregon.gov/SiteCollectionImages/branding/blossom-capitol.jpg,research_results/oregon_p1p2_links.json,True,,
1,http://www.oregon.gov,research_results/oregon_p1p2_links.json,True,,
1,https://www.oregon.gov,research_results/quantum_seed_download_queue.json,True,,
1,https://www.oregon.gov/about,research_results/quantum_seed_download_queue.json,True,,
1,https://www.oregon.gov/about-us,research_results/quantum_seed_download_queue.json,True,,
1,https://www.oregon.gov/who-we-are,research_results/quantum_seed_download_queue.json,True,,
1,https://www.oregon.gov/mission,research_results/quantum_seed_download_queue.json,True,,
1,https://www.oregon.gov/leadership,research_results/quantum_seed_download_queue.json,True,,
1,https://www.oregon.gov/programs,research_results/quantum_seed_download_queue.json,True,,
1,https://www.oregon.gov/services,research_results/quantum_seed_download_queue.json,True,,
1,https://www.oregon.gov/resources,research_results/quantum_seed_download_queue.json,True,,
1,https://www.oregon.gov/publications,research_results/quantum_seed_download_queue.json,True,,
1,https://www.oregon.gov/reports,research_results/quantum_seed_download_queue.json,True,,
1,https://www.oregon.gov/documents,research_results/quantum_seed_download_queue.json,True,,
1,https://www.oregon.gov/fairhousing,research_results/quantum_seed_download_queue.json,True,,
1,https://www.oregon.gov/grants,research_results/quantum_seed_download_queue.json,True,,
1,http://www.oregon.gov/about,research_results/quantum_seed_download_queue.json,True,,
1,http://www.oregon.gov/about-us,research_results/quantum_seed_download_queue.json,True,,
1,http://www.oregon.gov/who-we-are,research_results/quantum_seed_download_queue.json,True,,
1,http://www.oregon.gov/mission,research_results/quantum_seed_download_queue.json,True,,
1,http://www.oregon.gov/leadership,research_results/quantum_seed_download_queue.json,True,,
1,http://www.oregon.gov/programs,research_results/quantum_seed_download_queue.json,True,,
1,http://www.oregon.gov/services,research_results/quantum_seed_download_queue.json,True,,
1,http://www.oregon.gov/resources,research_results/quantum_seed_download_queue.json,True,,
1,http://www.oregon.gov/publications,research_results/quantum_seed_download_queue.json,True,,
1,http://www.oregon.gov/reports,research_results/quantum_seed_download_queue.json,True,,
1,http://www.oregon.gov/documents,research_results/quantum_seed_download_queue.json,True,,
1,http://www.oregon.gov/fairhousing,research_results/quantum_seed_download_queue.json,True,,
1,http://www.oregon.gov/grants,research_results/quantum_seed_download_queue.json,True,,
1,https://sos.oregon.gov,research_results/third_party_download_queue.json,True,,
1,http://sos.oregon.gov,research_results/third_party_download_queue.json,True,,
1,https://sos.oregon.gov/about,research_results/third_party_download_queue.json,True,,
1,https://sos.oregon.gov/about-us,research_results/third_party_download_queue.json,True,,
1,https://sos.oregon.gov/who-we-are,research_results/third_party_download_queue.json,True,,
1,https://sos.oregon.gov/mission,research_results/third_party_download_queue.json,True,,
1,https://sos.oregon.gov/leadership,research_results/third_party_download_queue.json,True,,
1,https://sos.oregon.gov/programs,research_results/third_party_download_queue.json,True,,
1,https://sos.oregon.gov/services,research_results/third_party_download_queue.json,True,,
1,https://sos.oregon.gov/resources,research_results/third_party_download_queue.json,True,,
1,https://sos.oregon.gov/publications,research_results/third_party_download_queue.json,True,,
1,https://sos.oregon.gov/reports,research_results/third_party_download_queue.json,True,,
1,https://sos.oregon.gov/documents,research_results/third_party_download_queue.json,True,,
1,https://sos.oregon.gov/fairhousing,research_results/third_party_download_queue.json,True,,
1,https://sos.oregon.gov/grants,research_results/third_party_download_queue.json,True,,
1,http://sos.oregon.gov/about,research_results/third_party_download_queue.json,True,,
1,http://sos.oregon.gov/about-us,research_results/third_party_download_queue.json,True,,
1,http://sos.oregon.gov/who-we-are,research_results/third_party_download_queue.json,True,,
1,http://sos.oregon.gov/mission,research_results/third_party_download_queue.json,True,,
1,http://sos.oregon.gov/leadership,research_results/third_party_download_queue.json,True,,
1,http://sos.oregon.gov/programs,research_results/third_party_download_queue.json,True,,
1,http://sos.oregon.gov/services,research_results/third_party_download_queue.json,True,,
1,http://sos.oregon.gov/resources,research_results/third_party_download_queue.json,True,,
1,http://sos.oregon.gov/publications,research_results/third_party_download_queue.json,True,,
1,http://sos.oregon.gov/reports,research_results/third_party_download_queue.json,True,,
1,http://sos.oregon.gov/documents,research_results/third_party_download_queue.json,True,,
1,http://sos.oregon.gov/fairhousing,research_results/third_party_download_queue.json,True,,
1,http://sos.oregon.gov/grants,research_results/third_party_download_queue.json,True,,
1,https://sos.oregon.gov/audits/Pages/stateaudits.aspx,research_results/third_party_download_queue.json,True,,
1,https://sos.oregon.gov/voting/Pages/drop-box-locator.aspx,research_results/third_party_download_queue.json,True,,
1,https://files.hudexchange.info,research_results/third_party_download_queue.json,True,,
1,http://files.hudexchange.info,research_results/third_party_download_queue.json,True,,
1,https://files.hudexchange.info/about,research_results/third_party_download_queue.json,True,,
1,https://files.hudexchange.info/about-us,research_results/third_party_download_queue.json,True,,
1,https://files.hudexchange.info/who-we-are,research_results/third_party_download_queue.json,True,,
1,https://files.hudexchange.info/mission,research_results/third_party_download_queue.json,True,,
1,https://files.hudexchange.info/leadership,research_results/third_party_download_queue.json,True,,
1,https://files.hudexchange.info/programs,research_results/third_party_download_queue.json,True,,
1,https://files.hudexchange.info/services,research_results/third_party_download_queue.json,True,,
1,https://files.hudexchange.info/resources,research_results/third_party_download_queue.json,True,,
1,https://files.hudexchange.info/publications,research_results/third_party_download_queue.json,True,,
1,https://files.hudexchange.info/reports,research_results/third_party_download_queue.json,True,,
1,https://files.hudexchange.info/documents,research_results/third_party_download_queue.json,True,,
1,https://files.hudexchange.info/fairhousing,research_results/third_party_download_queue.json,True,,
1,https://files.hudexchange.info/grants,research_results/third_party_download_queue.json,True,,
1,http://files.hudexchange.info/about,research_results/third_party_download_queue.json,True,,
1,http://files.hudexchange.info/about-us,research_results/third_party_download_queue.json,True,,
1,http://files.hudexchange.info/who-we-are,research_results/third_party_download_queue.json,True,,
1,http://files.hudexchange.info/mission,research_results/third_party_download_queue.json,True,,
1,http://files.hudexchange.info/leadership,research_results/third_party_download_queue.json,True,,
1,http://files.hudexchange.info/programs,research_results/third_party_download_queue.json,True,,
1,http://files.hudexchange.info/services,research_results/third_party_download_queue.json,True,,
1,http://files.hudexchange.info/resources,research_results/third_party_download_queue.json,True,,
1,http://files.hudexchange.info/publications,research_results/third_party_download_queue.json,True,,
1,http://files.hudexchange.info/reports,research_results/third_party_download_queue.json,True,,
1,http://files.hudexchange.info/documents,research_results/third_party_download_queue.json,True,,
1,http://files.hudexchange.info/fairhousing,research_results/third_party_download_queue.json,True,,
1,http://files.hudexchange.info/grants,research_results/third_party_download_queue.json,True,,
1,https://files.hudexchange.info/resources/documents/HMIS-Data-Standards-Mapping-Instructions.xlsx,research_results/third_party_download_queue.json,True,,
