risk_score,category,domain,content_type,title_guess,url,file_path,document_id,text_length,source,extraction_method,parse_date,dei_keywords,proxy_keywords,binding_keywords,applicability_tags
3,Unclassified local PDF,,,busin Ss,file://research_results/documents/raw/003c0bf391f9060e15360bb52c763605.pdf,research_results/documents/parsed/003c0bf391f9060e15360bb52c763605.txt,003c0bf391f9060e15360bb52c763605,1288890,third_party:batch_retry,ocrmypdf_force+pdftotext,2025-12-31T03:43:00.126566,equity; inclusion; equity lens; social justice; diversity; minority; marginalized; underrepresented; inclusive; equity initiatives; equitable; racial justice; underserved; bipoc; equity framework; people of color; accessibility; dei,equity lens; barrier reduction; equity initiatives; bipoc; equity framework; lived experience; equity plan,shall; mandatory; standard; statewide; rule; policy; contract; agreement; must; regulation; applicable to; compliance; required,hiring; procurement; training; housing; community engagement
3,Unclassified local PDF,,,"A SCIENCE, RESEARCH AND TECH MAG",file://research_results/documents/raw/77aef0247eed912205987be720f44eb3.pdf,research_results/documents/parsed/77aef0247eed912205987be720f44eb3.txt,77aef0247eed912205987be720f44eb3,540637,third_party:batch_retry,ocrmypdf_force+pdftotext,2025-12-31T03:39:52.210396,equity; diversity; underrepresented; inclusive; equitable; inclusion; underserved; bipoc; minority; dei,overcoming obstacles; bipoc; first-generation,standard; rule; policy; contract; agreement; governing; must; regulation; required,hiring; procurement; training; housing; community engagement
3,Unclassified local PDF,,,NSF-Funded Convergence,file://research_results/documents/raw/a13956024790bc87e0defbaf2e9aaa63.pdf,research_results/documents/parsed/a13956024790bc87e0defbaf2e9aaa63.txt,a13956024790bc87e0defbaf2e9aaa63,405875,third_party:batch_parallel,ocrmypdf_force+pdftotext,2025-12-31T03:32:27.659405,equity; inclusion; social justice; underrepresented groups; diversity; minority; marginalized; underrepresented; inclusive; anti-racist; equitable; racial justice; underserved; bipoc; people of color; accessibility; dei,bipoc; cultural competence; lived experience,mandatory; standard; rule; policy; contract; must; regulation; required,hiring; procurement; training; housing; community engagement
3,Unclassified local PDF,,,Agenda,file://research_results/documents/raw/b7387a8f638b7ddd0b6a497e0d8d3e49.pdf,research_results/documents/parsed/b7387a8f638b7ddd0b6a497e0d8d3e49.txt,b7387a8f638b7ddd0b6a497e0d8d3e49,310529,third_party:batch_parallel,ocrmypdf_force+pdftotext,2025-12-31T03:33:34.190961,equity; underrepresented groups; diversity; minority; marginalized; underrepresented; inclusive; equitable; inclusion; underserved; bipoc; people of color; accessibility; dei,bipoc,standard; policy; contract; agreement; regulation; compliance; required,hiring; procurement; training; housing; community engagement
3,Government/operations (PDF),,,State of Oregon,file://research_results/documents/raw/e074d302eac8c1251ce84c7611f87a01.pdf,research_results/documents/parsed/e074d302eac8c1251ce84c7611f87a01.txt,e074d302eac8c1251ce84c7611f87a01,245854,third_party:batch_parallel,ocrmypdf_force+pdftotext,2025-12-31T03:31:10.749173,equity; inclusion; underrepresented groups; diversity; minority; marginalized; underrepresented; inclusive; anti-racist; equity initiatives; equitable; racial justice; underserved; bipoc; equity framework; people of color; accessibility; dei,safe space; inclusive environment; equity initiatives; bipoc; equity framework,standard; statewide; rule; policy; contract; agreement; applicability; must; compliance; required,hiring; procurement; training; housing; community engagement
3,Government/operations (PDF),,,Housing Stability Council,file://research_results/documents/raw/a2f08c4c1146471bbf56e2808875d0b6.pdf,research_results/documents/parsed/a2f08c4c1146471bbf56e2808875d0b6.txt,a2f08c4c1146471bbf56e2808875d0b6,210365,third_party:batch_parallel,ocrmypdf_force+pdftotext,2025-12-31T03:32:26.871686,equity; inclusion; diversity; minority; marginalized; underrepresented; inclusive; equitable; racial justice; underserved; bipoc; accessibility; dei,bipoc; lived experience,shall; standard; statewide; rule; policy; contract; agreement; must; compliance; required,hiring; procurement; training; housing; community engagement
3,Government/operations (PDF),,,Inclusion PLAN,file://research_results/documents/raw/b3b027941a48b0372a0fe52293173996.pdf,research_results/documents/parsed/b3b027941a48b0372a0fe52293173996.txt,b3b027941a48b0372a0fe52293173996,194354,third_party:batch_parallel,ocrmypdf_force+pdftotext,2025-12-31T03:33:00.895323,equity; cultural humility; underrepresented groups; diversity; minority; marginalized; underrepresented; inclusive; anti-racist; equitable; inclusion; underserved; bipoc; equity framework; people of color; accessibility; dei,bipoc; equity framework; inclusive environment; safe space,standard; statewide; rule; policy; contract; agreement; applicability; must; compliance; required,hiring; procurement; training; housing; community engagement
3,Unclassified local PDF,,,Si LM awa,file://research_results/documents/raw/2cb743c45485324adc632bb0642bc614.pdf,research_results/documents/parsed/2cb743c45485324adc632bb0642bc614.txt,2cb743c45485324adc632bb0642bc614,178688,third_party:batch_retry,ocrmypdf_force+pdftotext,2025-12-31T03:37:42.750710,equity; inclusion; equity lens; social justice; diversity; minority; marginalized; underrepresented; inclusive; equity initiatives; equitable; racial justice; underserved; cultural humility; people of color; accessibility; dei,equity lens; equity initiatives; lived experience; equity plan,shall; mandatory; standard; statewide; rule; policy; contract; agreement; governing; must; compliance; required,hiring; procurement; training; housing; community engagement
3,Unclassified local PDF,,,Defending the Hidden Figures:,file://research_results/documents/raw/7994a276120954c3d9f90e5633d232c8.pdf,research_results/documents/parsed/7994a276120954c3d9f90e5633d232c8.txt,7994a276120954c3d9f90e5633d232c8,156561,third_party:batch_retry,ocrmypdf_force+pdftotext,2025-12-31T03:37:32.057722,equity; social justice; underserved; underrepresented groups; cultural humility; diversity; minority; marginalized; underrepresented; inclusive; equitable; inclusion; racial justice; bipoc; people of color; accessibility; dei; deia,bipoc; first-generation; safe space,shall; mandatory; standard; directive; policy; contract; agreement; obligated; governing; must; applicable to; compliance; required,hiring; procurement; training; housing; community engagement
3,Government/operations (PDF),,,Oregon Housing and Community Services,https://www.oregon.gov/ohcs/rental-housing/housing-development/oregon-centralized-application-orca/Documents/how-to-apply/orca-manual-2025-july.pdf,research_results/documents/parsed/36569dd9f987a996afefc9d54375067e.txt,36569dd9f987a996afefc9d54375067e,148125,third_party:refresh_redownload,ocrmypdf_force+pdftotext,2025-12-31T10:04:35.423708,equity; inclusion; diversity; minority; equitable; racial justice; underserved; bipoc; people of color; accessibility; dei,bipoc,shall; standard; rule; policy; contract; agreement; must; regulation; applicable to; compliance; binding; required,hiring; procurement; training; housing; community engagement
3,Government/operations (PDF),,,Housing Stability Council,file://research_results/documents/raw/f05cefc6c4eb4225c881409d8daadc29.pdf,research_results/documents/parsed/f05cefc6c4eb4225c881409d8daadc29.txt,f05cefc6c4eb4225c881409d8daadc29,104349,third_party:batch_parallel,ocrmypdf_force+pdftotext,2025-12-31T03:32:08.574657,equity; inclusion; equity lens; diversity; equitable; racial justice; underserved; bipoc; minority; dei,equity lens; bipoc,shall; standard; statewide; policy; contract; agreement; obligated; compliance; required,hiring; procurement; training; housing; community engagement
3,Unclassified local PDF,,,»e “0%. LOCAL AND REGIONAL,https://www.racialequityalliance.org/HigherLogic/System/DownloadDocumentFile.ashx?DocumentFileKey=a1780a0b-4314-ff6c-e82a-824973972b52&forceDialog=1,research_results/documents/parsed/11925ba57cc06a39fad9a6dc5a8cc1f0.txt,11925ba57cc06a39fad9a6dc5a8cc1f0,89868,third_party:refresh_redownload,ocrmypdf_force+pdftotext,2025-12-31T10:08:56.314470,equity; equity lens; social justice; diversity; inclusive; equitable; inclusion; equity framework; people of color,equity lens; equity framework; lived experience; equity plan,policy; contract; governing; must; applicable to; binding; required,hiring; procurement; training; housing; community engagement
3,Government/operations (PDF),,,Housing Stability Council,file://research_results/documents/raw/6431de02c3af80fab467e7aebdc1d17c.pdf,research_results/documents/parsed/6431de02c3af80fab467e7aebdc1d17c.txt,6431de02c3af80fab467e7aebdc1d17c,89754,third_party:batch_parallel,ocrmypdf_force+pdftotext,2025-12-31T03:30:04.073964,equity; inclusion; equity lens; diversity; minority; inclusive; equitable; racial justice; underserved; bipoc; people of color; accessibility; dei,equity lens; bipoc,shall; standard; statewide; rule; policy; contract; agreement; must; regulation; compliance; required,hiring; procurement; training; housing; community engagement
3,Government/operations (PDF),,,Housing Stability Council,file://research_results/documents/raw/74c6bb8d3aa480a95207e0085fc1c4c0.pdf,research_results/documents/parsed/74c6bb8d3aa480a95207e0085fc1c4c0.txt,74c6bb8d3aa480a95207e0085fc1c4c0,75911,third_party:batch_retry,ocrmypdf_force+pdftotext,2025-12-31T03:37:13.269363,equity; inclusion; diversity; minority; underrepresented; inclusive; equitable; racial justice; underserved; bipoc; accessibility; dei,bipoc,shall; mandatory; standard; statewide; rule; policy; contract; agreement; must; compliance; required,hiring; procurement; training; housing; community engagement
3,Unclassified local PDF,,,"Diversity, Equity, and",file://research_results/documents/raw/bbfc77a24628ff8e29dd977ba4c66095.pdf,research_results/documents/parsed/bbfc77a24628ff8e29dd977ba4c66095.txt,bbfc77a24628ff8e29dd977ba4c66095,72989,third_party:batch_parallel,ocrmypdf_force+pdftotext,2025-12-31T03:31:39.727595,equity; social justice; diversity; underrepresented; marginalized; inclusive; anti-racist; equitable; inclusion; underserved; bipoc; equity framework; accessibility; dei,bipoc; equity framework,standard; statewide; directive; policy; contract; agreement; must; required,hiring; procurement; training; housing; community engagement
3,Unclassified local PDF,,,Developing the Processes and Potential to Engage Historically,file://research_results/documents/raw/1f3072ad9703ad0bed2e0dcd0a8d2d5c.pdf,research_results/documents/parsed/1f3072ad9703ad0bed2e0dcd0a8d2d5c.txt,1f3072ad9703ad0bed2e0dcd0a8d2d5c,69627,third_party:batch_retry,ocrmypdf_force+pdftotext,2025-12-31T03:37:16.992128,equity; social justice; diversity; underrepresented; marginalized; inclusive; anti-racist; equitable; inclusion; underserved; bipoc; accessibility; dei,safe space; bipoc; lived experience,standard; rule; agreement; must; required,hiring; procurement; training; housing; community engagement
3,Unclassified local PDF,,,"DIVERSITY, EQUITY, AND",file://research_results/documents/raw/07a1076fa131f26b2cdcc68681afddbb.pdf,research_results/documents/parsed/07a1076fa131f26b2cdcc68681afddbb.txt,07a1076fa131f26b2cdcc68681afddbb,51150,third_party:batch_parallel,ocrmypdf_force+pdftotext,2025-12-31T03:28:00.770995,equity; inclusion; diversity; minority; underrepresented; inclusive; equitable; racial justice; underserved; people of color; accessibility; dei,inclusive environment; safe space; equity plan,shall; mandatory; statewide; rule; policy; contract; must,hiring; procurement; training; housing; community engagement
3,Unclassified local PDF,,,"DIVERSITY, EQUITY, AND",file://research_results/documents/raw/544d76b9a259616a1c691b4f98098735.pdf,research_results/documents/parsed/544d76b9a259616a1c691b4f98098735.txt,544d76b9a259616a1c691b4f98098735,51150,third_party:batch_parallel,ocrmypdf_force+pdftotext,2025-12-31T03:28:34.934733,equity; inclusion; diversity; minority; underrepresented; inclusive; equitable; racial justice; underserved; people of color; accessibility; dei,inclusive environment; safe space; equity plan,shall; mandatory; statewide; rule; policy; contract; must,hiring; procurement; training; housing; community engagement
3,Government/operations (PDF),,,OREGON REAL ESTATE AGENCY,file://research_results/documents/raw/4260e59b296ab49cb9ae241fbba37c68.pdf,research_results/documents/parsed/4260e59b296ab49cb9ae241fbba37c68.txt,4260e59b296ab49cb9ae241fbba37c68,46832,third_party:batch_parallel,ocrmypdf_force+pdftotext,2025-12-31T03:29:11.395449,equity; underrepresented groups; diversity; minority; underrepresented; inclusive; equitable; inclusion; people of color; accessibility; dei,inclusive environment; cultural competence,shall; statewide; directive; rule; policy; contract; agreement; governing; regulation; compliance; required,hiring; procurement; training; housing; community engagement
3,Unclassified local PDF,,,"Diversity, Equity, and Inclusion",file://research_results/documents/raw/6e6c69b294212c64d1c617f261e70841.pdf,research_results/documents/parsed/6e6c69b294212c64d1c617f261e70841.txt,6e6c69b294212c64d1c617f261e70841,36369,third_party:batch_retry,pdftotext_only,2025-12-31T03:35:56.750631,equity; equity lens; social justice; diversity; underrepresented; marginalized; inclusive; equitable; inclusion; underserved; people of color; dei,equity lens,rule; policy; must; regulation,hiring; procurement; training; housing; community engagement
3,Government/operations (PDF),,,Oregon Department of Land Conservation,file://research_results/documents/raw/0a3c2fb7aaa8fce1b2fcc321ae18e5b9.pdf,research_results/documents/parsed/0a3c2fb7aaa8fce1b2fcc321ae18e5b9.txt,0a3c2fb7aaa8fce1b2fcc321ae18e5b9,36176,third_party:batch_parallel,ocrmypdf_force+pdftotext,2025-12-31T03:27:50.679519,equity; inclusion; diversity; marginalized; inclusive; equitable; racial justice; underserved; people of color; minority; dei,inclusive environment; cultural competence; lived experience,shall; standard; statewide; rule; policy; contract; must; regulation; compliance; required,hiring; procurement; training; housing; community engagement
3,Framework/influence,obiu.org,text/html;charset=UTF-8,OBI University Home Courses About How to Use OBI University What is OBI Contact Us OBI Home SIGN UP SIGN IN Explore our new courses on targeted universalism! Sh,https://obiu.org/,research_results/documents/parsed/3118d8dcd1c708d5160b1108a9b231ea.txt,3118d8dcd1c708d5160b1108a9b231ea,35957,third_party:obiu.org,,,equity; inclusion; social justice; cultural responsiveness; diversity; inclusive; equity initiatives; equitable; racial justice; accessibility; dei,equity initiatives,shall; policy; contract; statewide,hiring; procurement; training; housing; community engagement
3,Framework/influence,obiu.org,text/html;charset=UTF-8,Targeted Univeralism 1: What is TU? Home Courses About How to Use OBI University What is OBI Contact Us OBI Home SIGN UP SIGN IN What is Targeted Universalism? ,https://obiu.org/course/what-is-targeted-universalism,research_results/documents/parsed/65855a9e72d39c381c793fccf7e2afd0.txt,65855a9e72d39c381c793fccf7e2afd0,32684,third_party:obiu.org,,,equity; inclusion; social justice; diversity; inclusive; equity initiatives; equitable; racial justice; cultural humility; accessibility; cultural responsiveness,equity initiatives; lived experience; equity plan,shall; statewide; policy; contract; agreement,hiring; procurement; training; housing; community engagement
3,Framework/influence,obiu.org,text/html;charset=UTF-8,"Targeted Universalism 3: Stages of TU, part two Home Courses About How to Use OBI University What is OBI Contact Us OBI Home SIGN UP SIGN IN Stages of Targeted ",https://obiu.org/course/stages-of-targeted-univeralism-part2,research_results/documents/parsed/dc398148018f34aaa217529c5dbcce3b.txt,dc398148018f34aaa217529c5dbcce3b,32626,third_party:obiu.org,,,equity; inclusion; social justice; diversity; inclusive; equity initiatives; equitable; racial justice; cultural humility; accessibility; cultural responsiveness,equity initiatives; lived experience; equity plan,shall; statewide; policy; contract; agreement,hiring; procurement; training; housing; community engagement
3,Framework/influence,obiu.org,text/html;charset=UTF-8,"Targeted Universalism 2: Stages of TU, part one Home Courses About How to Use OBI University What is OBI Contact Us OBI Home SIGN UP SIGN IN Stages of Targeted ",https://obiu.org/course/stages-of-targeted-universalism-part1,research_results/documents/parsed/d222d253ff69a82ff3faca1b694d631e.txt,d222d253ff69a82ff3faca1b694d631e,32531,third_party:obiu.org,,,equity; inclusion; social justice; diversity; inclusive; equity initiatives; equitable; racial justice; cultural humility; accessibility; cultural responsiveness,equity initiatives; lived experience; equity plan,shall; statewide; policy; contract; agreement,hiring; procurement; training; housing; community engagement
3,Framework/influence,obiu.org,text/html;charset=UTF-8,Courses | OBI University Home Courses About How to Use OBI University What is OBI Contact Us OBI Home SIGN UP SIGN IN OBIU Courses Explore all of the classes th,https://obiu.org/courses,research_results/documents/parsed/385a88a7fe2da014385f69da14fe3381.txt,385a88a7fe2da014385f69da14fe3381,22905,third_party:obiu.org,,,equity; inclusion; social justice; diversity; inclusive; equity initiatives; equitable; racial justice; cultural humility; accessibility; cultural responsiveness,equity initiatives,shall; statewide; policy; contract; agreement,hiring; procurement; training; housing; community engagement
3,Unclassified local PDF,,,Workbook,file://research_results/documents/raw/1d20c2a61ee7a30f077fe8e8eeba2667.pdf,research_results/documents/parsed/1d20c2a61ee7a30f077fe8e8eeba2667.txt,1d20c2a61ee7a30f077fe8e8eeba2667,20402,third_party:batch_parallel,ocrmypdf_force+pdftotext,2025-12-31T03:27:28.127528,equity; equity lens; diversity; underrepresented; marginalized; deib; inclusive; equitable; inclusion; bipoc; dei,equity lens; bipoc; lived experience,rule; policy; must; agreement,hiring; training; housing; community engagement
3,Government/operations (PDF),,,"TO: Ethan Stuckmayer, Housing Division Manager",file://research_results/documents/raw/f17c22e859e2c48b5a346d23fc10a3c0.pdf,research_results/documents/parsed/f17c22e859e2c48b5a346d23fc10a3c0.txt,f17c22e859e2c48b5a346d23fc10a3c0,16147,third_party:batch_parallel,ocrmypdf_force+pdftotext,2025-12-31T03:32:01.833201,equity; diversity; marginalized; equitable; inclusion; underserved; equity framework; accessibility,equity framework,standard; statewide; rule; policy; must; compliance,hiring; housing; community engagement
3,Framework/influence,www.racialequityalliance.org,text/html; charset=utf-8,Navigating Racial Equity Work When Leadership's Support Is Only Symbolic Skip main navigation (Press Enter). Log in Toggle navigation Who We Are About Us Our Ap,https://www.racialequityalliance.org/blogs/gare-team/2025/12/11/navigating-racial-equity-work-when-leaderships-sup,research_results/documents/parsed/cd4a2c72e4d00cf7d614ababe9e73779.txt,cd4a2c72e4d00cf7d614ababe9e73779,15121,third_party:www.racialequityalliance.org,,,equity; inclusion; social justice; diversity; marginalized; equity initiatives; racial justice; dei,equity initiatives; equity plan,compliance; policy; ordinance; directive,hiring; housing
3,Framework/influence,www.raceforward.org,text/html; charset=UTF-8,"Just Narratives for Multiracial Solidarity | Race Forward Skip to main content Main navigation Learn About Us Our Story Our Mission, Vision, and Values Our Stra",https://www.raceforward.org/training-and-events/just-narratives,research_results/documents/parsed/d000a9697b5ecd1908fdc47f91470b1e.txt,d000a9697b5ecd1908fdc47f91470b1e,12664,third_party:www.raceforward.org,,,equity; diversity; marginalized; inclusive; equitable; racial justice; people of color,lived experience,policy; must; required,hiring; training; housing; community engagement
3,Framework/influence,obiu.org,text/html;charset=UTF-8,About | OBI University Home Courses About How to Use OBI University What is OBI Contact Us OBI Home SIGN UP SIGN IN What is the Othering & Belonging Institute? ,https://obiu.org/about,research_results/documents/parsed/a626e07c5852ed3bdb811988165371fe.txt,a626e07c5852ed3bdb811988165371fe,12584,third_party:obiu.org,,,equity; inclusion; social justice; diversity; inclusive; equity initiatives; equitable; racial justice; accessibility; cultural responsiveness,equity initiatives,shall; policy; contract; statewide,procurement; training; housing; community engagement
3,Framework/influence,www.racialequityalliance.org,text/html; charset=utf-8,"Local, Regional, & State Government Practitioners Gain New Skills, Insights, and Connections at the Inaugural Just Narratives Convening Skip main navigation (Pr",https://www.racialequityalliance.org/blogs/gare-team/2025/12/16/government-at-just-narratives,research_results/documents/parsed/0907648c5876f269eb95f4122bbe6150.txt,0907648c5876f269eb95f4122bbe6150,12324,third_party:www.racialequityalliance.org,,,equity; racial justice; justice-centered; inclusion,lived experience,statewide; policy; contract; governing; must,procurement; housing
3,Framework/influence,www.raceforward.org,text/html; charset=UTF-8,"What is Racial Equity? | Race Forward Skip to main content Main navigation Learn About Us Our Story Our Mission, Vision, and Values Our Strategic Plan Annual Re",https://www.raceforward.org/what-racial-equity,research_results/documents/parsed/a190e1e7829daedea88c07cffb922811.txt,a190e1e7829daedea88c07cffb922811,10278,third_party:www.raceforward.org,,,equity; inclusive; equitable; equity framework; people of color,equity framework,applicable to; policy; must,hiring; training; housing; community engagement
3,Unclassified local PDF,,,"THE CENTER FOR RACIAL JUSTICE arc,",file://research_results/documents/raw/ffb8b3c67a74866bc9b85c48b68e4bf0.pdf,research_results/documents/parsed/ffb8b3c67a74866bc9b85c48b68e4bf0.txt,ffb8b3c67a74866bc9b85c48b68e4bf0,7836,third_party:batch_parallel,ocrmypdf_force+pdftotext,2025-12-31T03:32:01.553600,equity; inclusion; social justice; diversity; equitable; racial justice; minority,equity plan,policy; must; required,community engagement
3,Framework/influence,www.racialequityalliance.org,text/html; charset=utf-8,State of the Field - GARE Online Community Skip main navigation (Press Enter). Log in Toggle navigation Who We Are About Us Our Approach Our Impact Careers at G,https://www.racialequityalliance.org/resources/state-of-the-field-25,research_results/documents/parsed/181bd6ec8cfef085a9c88f92bf6a1ca5.txt,181bd6ec8cfef085a9c88f92bf6a1ca5,6942,third_party:www.racialequityalliance.org,,,equity; equity initiatives; diversity,equity initiatives,policy; agreement; ordinance; regulation; compliance,hiring; housing; community engagement
3,Government/operations,www.oregonmetro.gov,text/html; charset=UTF-8,"Projects | Metro Skip to main content collapse all Events News and stories Tools and data Contact Language hub Metro logo, to the homepage Open menu Close menu ",https://www.oregonmetro.gov/projects,research_results/documents/parsed/0fa504280ae86dd4e5ccf8c473b7d22c.txt,0fa504280ae86dd4e5ccf8c473b7d22c,5449,third_party:www.oregonmetro.gov,,,equity; accessibility,equity plan,policy; contract,hiring; procurement; training; housing
2,Other third-party,portal-applicant-tracking.us-cent.paycomonline.net,text/javascript; charset=utf-8,"var qxr=Object.create;var oU=Object.defineProperty;var Sxr=Object.getOwnPropertyDescriptor;var Ixr=Object.getOwnPropertyNames;var Rxr=Object.getPrototypeOf,Pxr=",https://portal-applicant-tracking.us-cent.paycomonline.net/career-portal/main/index-sprawl-6ETZXKZJ.js,research_results/documents/parsed/cb1ac965894e26608da47802bbcd2ed2.txt,cb1ac965894e26608da47802bbcd2ed2,6051301,third_party:portal-applicant-tracking.us-cent.paycomonline.net,,,accessibility; dei,,shall; mandatory; standard; rule; policy; contract; must; compliance; binding; required,hiring; procurement; training; housing; community engagement
2,Government/operations (PDF),,,OREGON SYSTEM DEVELOPMENT,https://www.oregon.gov/ohcs/development/Documents/Oregon%20SDC%20Study_FinalReport_121422.pdf,research_results/documents/parsed/4e61daf9249f61c5361c07e4550f5841.txt,4e61daf9249f61c5361c07e4550f5841,695867,third_party:refresh_redownload,ocrmypdf_force+pdftotext,2025-12-31T10:08:23.046887,equity; diversity; equitable; inclusion; accessibility,,shall; standard; statewide; directive; rule; policy; contract; agreement; applicability; ordinance; governing; must; regulation; applicable to; compliance; required,hiring; procurement; training; housing; community engagement
2,Framework/influence,opportunityagenda.org,application/json; charset=UTF-8,"{""name"":""The Opportunity Agenda"",""description"":""narrative, long-term narrative shift, storytelling, social justice, racial justice, economic justice, immigratio",https://opportunityagenda.org/wp-json/,research_results/documents/parsed/7ab1c698e9aca12f84f98488520ed0a0.txt,7ab1c698e9aca12f84f98488520ed0a0,505468,third_party:opportunityagenda.org,,,racial justice; social justice,,must; standard; required,hiring; housing
2,Unclassified local PDF,,,OF AMERICA,file://research_results/documents/raw/e0e77cae191a75355e4664ccf427a3f2.pdf,research_results/documents/parsed/e0e77cae191a75355e4664ccf427a3f2.txt,e0e77cae191a75355e4664ccf427a3f2,359021,third_party:batch_parallel,ocrmypdf_force+pdftotext,2025-12-31T03:33:12.776592,equity; diversity; minority; underrepresented; inclusive; inclusion; underserved; people of color; accessibility; dei,,standard; rule; policy; contract; agreement; applicability; governing; must; regulation; applicable to; compliance; required,hiring; procurement; training; housing; community engagement
2,Unclassified local PDF,,,' TOOLKIT 2,https://belonging.berkeley.edu/sites/default/files/gare-racial_equity_toolkit.pdf,research_results/documents/parsed/24cbe0113967a4f6725bb7683d5ad024.txt,24cbe0113967a4f6725bb7683d5ad024,125874,third_party:refresh_redownload,ocrmypdf_force+pdftotext,2025-12-31T10:09:18.762786,equity; social justice; diversity; underrepresented; marginalized; inclusive; equitable; inclusion; minority,,policy; contract; agreement; ordinance; must,hiring; procurement; training; housing; community engagement
2,Unclassified local PDF,,,Submitted to the,file://research_results/documents/raw/57a271a61cfdda6b8b76a264c5c1a897.pdf,research_results/documents/parsed/57a271a61cfdda6b8b76a264c5c1a897.txt,57a271a61cfdda6b8b76a264c5c1a897,118329,third_party:batch_parallel,ocrmypdf_force+pdftotext,2025-12-31T03:29:51.225479,equity; inclusion; diversity; underrepresented; marginalized; inclusive; equitable; racial justice; underserved; cultural humility; accessibility; dei,,shall; standard; statewide; rule; policy; contract; agreement; ordinance; must; regulation; applicable to; compliance; required,hiring; procurement; training; housing; community engagement
2,Unclassified local PDF,,,DEPARTMENT OF,file://research_results/documents/raw/60ff12d7e79e6a9763b86f62b24ac6f4.pdf,research_results/documents/parsed/60ff12d7e79e6a9763b86f62b24ac6f4.txt,60ff12d7e79e6a9763b86f62b24ac6f4,94585,third_party:batch_parallel,ocrmypdf_force+pdftotext,2025-12-31T03:30:04.854550,equity; diversity; underrepresented; deib; inclusion; dei,,standard; statewide; contract; must; compliance; required,hiring; procurement; training; housing; community engagement
2,Unclassified local PDF,,,DEPARTMENT OF,file://research_results/documents/raw/645b1f978c1291384280119d20b07e77.pdf,research_results/documents/parsed/645b1f978c1291384280119d20b07e77.txt,645b1f978c1291384280119d20b07e77,88007,third_party:batch_parallel,ocrmypdf_force+pdftotext,2025-12-31T03:29:40.698842,equity; diversity; underrepresented; inclusive; equitable; inclusion; dei,,shall; mandatory; standard; statewide; policy; contract; agreement; governing; must; compliance; required,hiring; procurement; training; housing; community engagement
2,Infrastructure noise,schema.org,text/html,Person - Schema.org Type Note : You are viewing the development version of Schema.org . See how we work for more details. Schema.org Docs Schemas Validate About,https://schema.org/Person,research_results/documents/parsed/9e9cb48c1174c31afed273d1a674e5ba.txt,9e9cb48c1174c31afed273d1a674e5ba,67813,third_party:schema.org,,,diversity,,rule; standard; required,hiring; procurement; training; housing
2,Other third-party,d3uf7shreuzboy.cloudfront.net,application/json,"{ ""common"": { ""edit"": ""Modifier"", ""close"": ""Fermer"", ""closeSymbol"": ""×"", ""cancel"": ""Annuler"", ""insert"": ""Insérer"", ""selectTimezone"": ""Sélectionner un fuseau hor",https://d3uf7shreuzboy.cloudfront.net/WebRoot/stable/i18n/react-fr.c24098db.json,research_results/documents/parsed/7a83b025fa586877c6a5ea8493dc7719.txt,7a83b025fa586877c6a5ea8493dc7719,65489,third_party:d3uf7shreuzboy.cloudfront.net,,,accessibility; dei,,standard; required,hiring; procurement; training; housing; community engagement
2,Other third-party,d3uf7shreuzboy.cloudfront.net,application/json,"{ ""common"": { ""edit"": ""Editar"", ""close"": ""Cerrar"", ""closeSymbol"": ""×"", ""cancel"": ""Cancelar"", ""insert"": ""Insertar"", ""selectTimezone"": ""Seleccionar una zona horar",https://d3uf7shreuzboy.cloudfront.net/WebRoot/stable/i18n/react-es.5f80097a.json,research_results/documents/parsed/18a4457561e7c756d769d5af38c56b27.txt,18a4457561e7c756d769d5af38c56b27,63193,third_party:d3uf7shreuzboy.cloudfront.net,,,accessibility; dei,,standard; required,hiring; procurement; training
2,Unclassified local PDF,,,race forward »,file://research_results/documents/raw/c441d095b5efadcac83eadd5ad604240.pdf,research_results/documents/parsed/c441d095b5efadcac83eadd5ad604240.txt,c441d095b5efadcac83eadd5ad604240,57355,third_party:batch_parallel,ocrmypdf_force+pdftotext,2025-12-31T03:31:06.925466,equity; inclusion; social justice; diversity; inclusive; equitable; racial justice; people of color; minority,,standard; statewide; rule; policy; contract; must,hiring; procurement; training; housing
2,Other third-party,d3uf7shreuzboy.cloudfront.net,application/json,"{ ""common"": { ""edit"": ""Edit"", ""close"": ""Close"", ""closeSymbol"": ""×"", ""cancel"": ""Cancel"", ""insert"": ""Insert"", ""selectTimezone"": ""Select a timezone"", ""confirmation",https://d3uf7shreuzboy.cloudfront.net/WebRoot/stable/i18n/react-en.d711bacb.json,research_results/documents/parsed/4aacabcdbcf635327d725f4d380c2cc3.txt,4aacabcdbcf635327d725f4d380c2cc3,57087,third_party:d3uf7shreuzboy.cloudfront.net,,,accessibility; dei,,rule; must; standard; required,hiring; procurement; training; housing
2,Infrastructure noise,en.wikipedia.org,text/html; charset=UTF-8,ISO 8601 - Wikipedia Jump to content Main menu Main menu move to sidebar hide Navigation Main page Contents Current events Random article About Wikipedia Contac,https://en.wikipedia.org/wiki/ISO_8601,research_results/documents/parsed/097f2f6b250b065a6a9eb2d97f44d074.txt,097f2f6b250b065a6a9eb2d97f44d074,54745,third_party:en.wikipedia.org,,,inclusion; inclusive,,shall; standard; rule; policy; agreement; must; required,procurement
2,Infrastructure noise,en.wikipedia.org,text/html; charset=UTF-8,ISO 4217 - Wikipedia Jump to content Main menu Main menu move to sidebar hide Navigation Main page Contents Current events Random article About Wikipedia Contac,https://en.wikipedia.org/wiki/ISO_4217,research_results/documents/parsed/db13e23918ccc7cc83dae317c32a5d58.txt,db13e23918ccc7cc83dae317c32a5d58,53382,third_party:en.wikipedia.org,,,inclusion,,shall; standard; rule; policy; agreement; must; regulation; required,hiring; housing
2,Other third-party,www.osba.org,application/rss+xml; charset=UTF-8,"<?xml version=""1.0"" encoding=""UTF-8""?><rss version=""2.0"" xmlns:content=""http://purl.org/rss/1.0/modules/content/"" xmlns:wfw=""http://wellformedweb.org/CommentAPI",https://www.osba.org/feed/,research_results/documents/parsed/592c84071aa2e1e2c199fe14a36d610c.txt,592c84071aa2e1e2c199fe14a36d610c,51615,third_party:www.osba.org,,,equity; underserved; diversity,,statewide; rule; policy; contract; must; compliance; required,hiring; procurement; training; housing; community engagement
2,Infrastructure noise,schema.org,text/html,VideoObject - Schema.org Type Note : You are viewing the development version of Schema.org . See how we work for more details. Schema.org Docs Schemas Validate ,https://schema.org/VideoObject,research_results/documents/parsed/5184c7c35874f7f32dd9b11fd5c0851e.txt,5184c7c35874f7f32dd9b11fd5c0851e,50333,third_party:schema.org,,,accessibility; diversity,,applicable to; standard; required,hiring; procurement; training; housing
2,Infrastructure noise,schema.org,text/html,ImageObject - Schema.org Type Note : You are viewing the development version of Schema.org . See how we work for more details. Schema.org Docs Schemas Validate ,https://schema.org/ImageObject,research_results/documents/parsed/2195e7212f1c4ad1e4ee1c0bb15a46b1.txt,2195e7212f1c4ad1e4ee1c0bb15a46b1,37079,third_party:schema.org,,,accessibility; diversity,,applicable to; standard; required,hiring; procurement; training; housing
2,Government/operations (PDF),,,NOTE: This PDF is an excerpt from the Oregon Department of Administrative Services' 2021 DEI Action,file://research_results/documents/raw/ffb8613e7bb63a09a1349a4f4cd7e90b.pdf,research_results/documents/parsed/ffb8613e7bb63a09a1349a4f4cd7e90b.txt,ffb8613e7bb63a09a1349a4f4cd7e90b,26474,third_party:batch_parallel,ocrmypdf_force+pdftotext,2025-12-31T03:32:04.875183,equity; inclusion; social justice; diversity; minority; underrepresented; inclusive; equitable; racial justice; underserved; cultural humility; people of color; accessibility; dei,,policy; must; standard; required,hiring; training; housing; community engagement
2,Infrastructure noise,en.wikipedia.org,text/html; charset=UTF-8,RDFa - Wikipedia Jump to content Main menu Main menu move to sidebar hide Navigation Main page Contents Current events Random article About Wikipedia Contact us,https://en.wikipedia.org/wiki/RDFa,research_results/documents/parsed/70cd1c5a92bcf53af2ccfbe1bb03108d.txt,70cd1c5a92bcf53af2ccfbe1bb03108d,22250,third_party:en.wikipedia.org,,,accessibility,,rule; policy; standard; required,hiring; housing
2,Other third-party,paycom.com,text/html; charset=UTF-8,Terms of use | Paycom Skip to Main Content Client Employee Accountant Paycom® Logo Login careers investors contact Request meeting Our Solution Overview Payroll,https://www.paycom.com/terms-of-use/,research_results/documents/parsed/4fada016a1e7290916d8640a92a5bb4b.txt,4fada016a1e7290916d8640a92a5bb4b,21400,third_party:paycom.com,,,accessibility,,shall; standard; policy; agreement; governing; must; regulation; compliance,hiring; procurement; training; housing
2,Infrastructure noise,www.drupal.org,text/html; charset=utf-8,"Values & Principles | Drupal.org Skip to main content Skip to search Can we use first and third party cookies and web beacons to understand our audience, and to",https://www.drupal.org/about/values-and-principles,research_results/documents/parsed/adcf7235f7f3bbc0db58cf35869d2d55.txt,adcf7235f7f3bbc0db58cf35869d2d55,21062,third_party:www.drupal.org,,,equity; diversity; inclusive; inclusion; accessibility,,applicable to; policy; governing; agreement,hiring; training; housing; community engagement
2,Other third-party,dockets.justia.com,text/html; charset=UTF-8,"U.S. District Court and U.S. Court of Appeals Cases, Dockets and Filings | Justia Dockets & Filings Log In Sign Up Find a Lawyer Ask a Lawyer Research the Law L",https://dockets.justia.com/,research_results/documents/parsed/9fd5bea8a1a6cb3ee89674f6d06a3d6c.txt,9fd5bea8a1a6cb3ee89674f6d06a3d6c,20868,third_party:dockets.justia.com,,,diversity,,policy; contract; standard; regulation,hiring; procurement; training; housing
2,Unclassified local PDF,,,| SE The Inclusion,file://research_results/documents/raw/c0a1fde5f3c0e6ae0a289cda132cc407.pdf,research_results/documents/parsed/c0a1fde5f3c0e6ae0a289cda132cc407.txt,c0a1fde5f3c0e6ae0a289cda132cc407,19371,third_party:batch_parallel,ocrmypdf_force+pdftotext,2025-12-31T03:31:52.575146,equity; diversity; inclusive; inclusion; dei,,must,hiring; training; housing; community engagement
2,Other third-party,www.charitynavigator.org,text/html; charset=utf-8,Charity Navigator - Rating for Race Forward Sign in/Create an account Sign Out Nonprofit Resources Support Charity Navigator Discover Charities Best Charities A,https://www.charitynavigator.org/ein/942759879,research_results/documents/parsed/17d6cf0baacf85a5dc3bdc2d4e886207.txt,17d6cf0baacf85a5dc3bdc2d4e886207,19229,third_party:www.charitynavigator.org,,,marginalized; diversity,,policy; governing; standard,hiring; housing
2,Government/operations (PDF),,,Oregon Housing and Community Services,file://research_results/documents/raw/592594abd4eb6a8bad89ce62855bb42e.pdf,research_results/documents/parsed/592594abd4eb6a8bad89ce62855bb42e.txt,592594abd4eb6a8bad89ce62855bb42e,19177,third_party:batch_parallel,ocrmypdf_force+pdftotext,2025-12-31T03:29:38.824586,equity; inclusion; diversity; racial justice; underserved; minority; dei,,contract; applicability; must; compliance; required,hiring; procurement; housing; community engagement
2,Other third-party,www.charitynavigator.org,text/html; charset=utf-8,Charity Navigator - Rating for Opportunity Agenda Inc. Sign in/Create an account Sign Out Nonprofit Resources Support Charity Navigator Discover Charities Best ,https://www.charitynavigator.org/ein/843935514,research_results/documents/parsed/ee02c83be8b5d732d469696cbae371d2.txt,ee02c83be8b5d732d469696cbae371d2,19110,third_party:www.charitynavigator.org,,,inclusive; marginalized; diversity,,policy; governing; standard,hiring; housing
2,Government/operations,www.hud.gov,text/html; charset=UTF-8,News | HUD.gov / U.S. Department of Housing and Urban Development (HUD) Skip to main content An official website of the United States Government Here’s how you ,https://www.hud.gov/news,research_results/documents/parsed/07191d2e982a998b5c108d04213e94bb.txt,07191d2e982a998b5c108d04213e94bb,18226,third_party:www.hud.gov,,,accessibility; dei,,rule; contract; agreement; must; regulation,hiring; procurement; housing
2,Framework/influence,belonging.berkeley.edu,text/html; charset=UTF-8,"Home | Othering & Belonging Institute Skip to main content Sign up for our new, free courses on Targeted Universalism at OBI University. Start Now Othering & Be",https://belonging.berkeley.edu/,research_results/documents/parsed/e1ab2e335f7e813fd3cfbd5c10ab62b6.txt,e1ab2e335f7e813fd3cfbd5c10ab62b6,17516,third_party:belonging.berkeley.edu,,,equity; diversity; inclusive; equitable; accessibility,,policy,hiring; training; housing; community engagement
2,Infrastructure noise,en.wikipedia.org,text/html; charset=UTF-8,Dublin Core - Wikipedia Jump to content Main menu Main menu move to sidebar hide Navigation Main page Contents Current events Random article About Wikipedia Con,https://en.wikipedia.org/wiki/Dublin_Core,research_results/documents/parsed/244dee6f75bb503ebdcf3d3df5729d4a.txt,244dee6f75bb503ebdcf3d3df5729d4a,17140,third_party:en.wikipedia.org,,,diversity,,rule; policy; standard; required,training
2,Infrastructure noise,www.drupal.org,text/html; charset=utf-8,"Drupal Certified Partners | Drupal.org Skip to main content Skip to search Can we use first and third party cookies and web beacons to understand our audience, ",https://www.drupal.org/drupal-services,research_results/documents/parsed/3624845de3c2316d6c0dbf0f2893e487.txt,3624845de3c2316d6c0dbf0f2893e487,15904,third_party:www.drupal.org,,,accessibility,,shall; policy; contract; standard,hiring; procurement; training; housing
2,Framework/influence,belonging.berkeley.edu,text/html; charset=UTF-8,"Targeted Universalism | Othering & Belonging Institute Skip to main content Sign up for our new, free courses on Targeted Universalism at OBI University. Start ",https://belonging.berkeley.edu/targeted-universalism,research_results/documents/parsed/f220833a1ebb227c820ffdcc641e2779.txt,f220833a1ebb227c820ffdcc641e2779,13772,third_party:belonging.berkeley.edu,,,equity; diversity; marginalized; inclusive; equitable; inclusion; accessibility,,policy; must,procurement; training; housing; community engagement
2,Infrastructure noise,en.wikipedia.org,text/html; charset=UTF-8,"Wikipedia, the free encyclopedia Jump to content Main menu Main menu move to sidebar hide Navigation Main page Contents Current events Random article About Wiki",https://en.wikipedia.org/wiki/Main_Page,research_results/documents/parsed/ac8b3b54df4124a34387d7e8da8f3838.txt,ac8b3b54df4124a34387d7e8da8f3838,12337,third_party:en.wikipedia.org,,,dei,,policy; standard,training; housing; community engagement
2,Other third-party,relatednorthwest.com,text/html; charset=UTF-8,Related Northwest | Related California Skip to main Related California Related Northwest Luxury Rentals Related Corporate Related Beal Related Midwest Related A,https://www.relatedcalifornia.com/our-company/related-northwest,research_results/documents/parsed/8444b9d83856f5d89ff54709a5e8a7f1.txt,8444b9d83856f5d89ff54709a5e8a7f1,11668,third_party:relatednorthwest.com,,,equitable,,policy,hiring; procurement; training; housing
2,Other third-party,www.osba.org,text/html; charset=UTF-8,"Welcome | Oregon School Boards Association The Oregon School Boards Association empowers all public-school boards with the knowledge, skills, tools, and resourc",https://www.osba.org/,research_results/documents/parsed/07815e32e695fa0202bb1b593746c401.txt,07815e32e695fa0202bb1b593746c401,10560,third_party:www.osba.org,,,equity,,policy; required,hiring; procurement; training; housing; community engagement
2,Infrastructure noise,tinyurl.com,text/html; charset=utf-8,Default Board Post Page - Douglas Education Service District Skip To Main Content Close Menu Search Clear Search About Douglas ESD Board of Directors Contact Us,https://www.douglasesd.k12.or.us/about-douglas-esd/news/default-board-post-page/~board/news/post/american-education-week,research_results/documents/parsed/d99adba5f859153dc055e701f3b00cc8.txt,d99adba5f859153dc055e701f3b00cc8,10069,third_party:tinyurl.com,,,equity; accessibility; equitable,,mandatory; rule; policy; standard,hiring; training
2,Framework/influence,www.racialequityalliance.org,text/html; charset=utf-8,Seasons of Change: Reflections from Ithaca and the 2025 GARE Local Meeting Skip main navigation (Press Enter). Log in Toggle navigation Who We Are About Us Our ,https://www.racialequityalliance.org/blogs/gare-team/2025/12/09/ithaca-local-meeting,research_results/documents/parsed/1bb15fecc239f35d9ee2fc03e86de86b.txt,1bb15fecc239f35d9ee2fc03e86de86b,9213,third_party:www.racialequityalliance.org,,,equity; equitable; diversity,,policy; statewide,hiring; procurement; community engagement
2,Government/operations,www.hudexchange.info,text/html;charset=UTF-8,About - HUD Exchange Skip to main content NEED HOUSING ASSISTANCE? Email Updates Log In HUD Exchange Search Toggle navigation Search Form title Search Log In Pr,https://www.hudexchange.info/about/,research_results/documents/parsed/03f0b1ced9a67059ca7c1c803601a4f1.txt,03f0b1ced9a67059ca7c1c803601a4f1,8895,third_party:www.hudexchange.info,,,accessibility,,policy; regulation,hiring; procurement; training; housing
2,Other third-party,paycom.com,text/html; charset=UTF-8,Paycom Privacy Policies Skip to Main Content Client Employee Accountant Paycom® Logo Login careers investors contact Request meeting Our Solution Overview Payro,https://www.paycom.com/privacy/,research_results/documents/parsed/7c609bec3dc012696d3ba11191567f46.txt,7c609bec3dc012696d3ba11191567f46,8531,third_party:paycom.com,,,accessibility,,compliance; policy; standard,hiring; procurement; training; housing
2,Infrastructure noise,github.com,text/html; charset=utf-8,GitHub · Change is constant. GitHub keeps you ahead. · GitHub Skip to content Navigation Menu Toggle navigation Sign in Platform AI CODE CREATION GitHub Copilot,https://github.com/,research_results/documents/parsed/008ec4453ff31513f43893cba7aa31c8.txt,008ec4453ff31513f43893cba7aa31c8,8254,third_party:github.com,,,inclusion,,standard; required,training
2,Infrastructure noise,www.drupal.org,text/html; charset=UTF-8,Drupal.org | The Open Source CMS for Digital Innovation Skip to main content Can we use first and third party cookies and web beacons to understand our audience,https://new.drupal.org/home,research_results/documents/parsed/11f8c5e1123008295d7e64cc85216997.txt,11f8c5e1123008295d7e64cc85216997,8229,third_party:www.drupal.org,,,accessibility,,policy; standard; required,hiring; procurement; training; housing
2,Portal/login (context only),oregonbuys.gov,text/html;charset=UTF-8,OregonBuys - /view/login/login.xhtml skip to main content User ID Please enter the login id. Password Please enter the password. Forgot User ID Forgot Password ,https://oregonbuys.gov:443/bso/,research_results/documents/parsed/f6741790087ba13efcf09ff18aaee9d6.txt,f6741790087ba13efcf09ff18aaee9d6,7916,third_party:oregonbuys.gov,,,inclusion; diversity,,shall; contract; required,procurement; housing
2,Other third-party,www.colorlines.com,text/html; charset=UTF-8,Colorlines Skip to main content Search Donate Search Main menu About Us Our History Community Conversations Explainers Organizing Stories Published By Race Forw,https://colorlines.com/,research_results/documents/parsed/b03119e6b8cde2b7df224e42d8cdd827.txt,b03119e6b8cde2b7df224e42d8cdd827,7547,third_party:www.colorlines.com,,,equity; racial justice; inclusive; equitable,,must,training; housing
2,Government/operations,www.oregonmetro.gov,text/html; charset=UTF-8,"Racial equity and housing | Metro Skip to main content collapse all Events News and stories Tools and data Contact Language hub Metro logo, to the homepage Open",https://www.oregonmetro.gov/what-metro-does/housing-and-homelessness/affordable-housing-bond/racial-equity,research_results/documents/parsed/d1b57d035c043d274245fea7ac99f95a.txt,d1b57d035c043d274245fea7ac99f95a,7525,third_party:www.oregonmetro.gov,,,equity; diversity; underrepresented; accessibility; equitable; inclusion; people of color; minority,,policy; contract; must; regulation; binding; required,hiring; procurement; training; housing; community engagement
2,Framework/influence,raceforward.org,text/html; charset=UTF-8,"Cultural Week of Action on Race and Democracy | Race Forward Skip to main content Main navigation Learn About Us Our Story Our Mission, Vision, and Values Our S",https://www.raceforward.org/projects-programs-%26-initiatives/cultural-week-of-action,research_results/documents/parsed/4b919881b559c56832bdfb54da9e035e.txt,4b919881b559c56832bdfb54da9e035e,7187,third_party:raceforward.org,,,equity; inclusion; diversity; inclusive; racial justice,,policy,hiring; training; housing
2,Other third-party,www.charitynavigator.org,text/html;charset=utf-8,About Charity Navigator | Charity Navigator Sign in/Create an account Sign Out Nonprofit Resources Support Charity Navigator Discover Charities Best Charities A,https://www.charitynavigator.org/about-us,research_results/documents/parsed/173fee7c4d1bd41609fa6be5bfb8d359.txt,173fee7c4d1bd41609fa6be5bfb8d359,6660,third_party:www.charitynavigator.org,,,equity; inclusion; diversity,,policy,housing
2,Government/operations,www.hudexchange.info,text/html;charset=UTF-8,Homelessness Assistance Programs - HUD Exchange Skip to main content NEED HOUSING ASSISTANCE? Email Updates Log In HUD Exchange Search Toggle navigation Search ,https://www.hudexchange.info/homelessness-assistance/,research_results/documents/parsed/b8db36676c4c140396b695f791f8e0b9.txt,b8db36676c4c140396b695f791f8e0b9,6458,third_party:www.hudexchange.info,,,accessibility,,policy; standard; regulation,hiring; procurement; training; housing
2,Other third-party,www.osba.org,text/html; charset=UTF-8,You searched for {search_term_string - osba.org Search for: My OSBA / Login 1-800-578-OSBA Search for: My OSBA / Login My OSBA / Login 1-800-578-OSBA Search for,https://www.osba.org/?s=%7Bsearch_term_string,research_results/documents/parsed/a1550d1abc15f930d2e7861bcdf06840.txt,a1550d1abc15f930d2e7861bcdf06840,6177,third_party:www.osba.org,,,equity,,policy; required,hiring; procurement; training; housing; community engagement
2,Infrastructure noise,www.drupal.org,text/html; charset=utf-8,"About | Drupal.org Skip to main content Skip to search Can we use first and third party cookies and web beacons to understand our audience, and to tailor promot",https://www.drupal.org/about,research_results/documents/parsed/9afc03806c436d495f9b35661514a4c4.txt,9afc03806c436d495f9b35661514a4c4,5876,third_party:www.drupal.org,,,accessibility,,policy; standard,hiring; training; housing
2,Infrastructure noise,github.com,text/html; charset=utf-8,About GitHub · GitHub Skip to content Navigation Menu Toggle navigation Sign in Platform AI CODE CREATION GitHub Copilot Write better code with AI GitHub Spark ,https://github.com/about,research_results/documents/parsed/5148e0039f816c8b620f360dfaa24d24.txt,5148e0039f816c8b620f360dfaa24d24,5390,third_party:github.com,,,inclusion; diversity,,policy,training
2,Government/operations,www.oregon.gov,text/html; charset=utf-8,Oregon Housing and Community Services : ORCA DEI Agreement : Oregon Centralized Application : State of Oregon Skip to main content An official website of the St,https://www.oregon.gov/ohcs/rental-housing/housing-development/oregon-centralized-application-orca/pages/orca-diversity-equity-inclusion-agreement.aspx,research_results/documents/parsed/0033be02ec78316625017000c92e110e.txt,0033be02ec78316625017000c92e110e,5340,third_party:www.oregon.gov,,,equity; diversity; deib; inclusion; racial justice; dei,,standard; agreement; must; compliance; required,hiring; procurement; housing; community engagement
2,Other third-party,www.opportunityagenda.org,text/html; charset=UTF-8,Home - The Opportunity Agenda Skip to content Search What We’ve Achieved Fellowship Programs Creative Change Retreat Narrative Research Lab Immigrant Narrative ,https://opportunityagenda.org/,research_results/documents/parsed/bf83699c0a4f2001dd2920dd6d60b502.txt,bf83699c0a4f2001dd2920dd6d60b502,5202,third_party:www.opportunityagenda.org,,,equity; inclusive; social justice; equitable,,compliance; policy,training
2,Government/operations,www.hudexchange.info,text/html;charset=UTF-8,HMIS Data Standards - HUD Exchange Skip to main content NEED HOUSING ASSISTANCE? Email Updates Log In HUD Exchange Search Toggle navigation Search Form title Se,https://www.hudexchange.info/resource/3824/hmis-data-dictionary/,research_results/documents/parsed/022621fee8894629a4293f7bcd169817.txt,022621fee8894629a4293f7bcd169817,5187,third_party:www.hudexchange.info,,,accessibility,,policy; standard; required; regulation,hiring; procurement; training; housing
2,Government/operations,www.oregonmetro.gov,text/html; charset=UTF-8,"Committees | Metro Skip to main content collapse all Events News and stories Tools and data Contact Language hub Metro logo, to the homepage Open menu Close men",https://www.oregonmetro.gov/committees,research_results/documents/parsed/ebc99fc1209f8c2c5f749b2004124f65.txt,ebc99fc1209f8c2c5f749b2004124f65,5075,third_party:www.oregonmetro.gov,,,equity; inclusion; accessibility,,policy; contract,hiring; procurement; training; housing
2,Framework/influence,www.raceforward.org,text/html; charset=UTF-8,"Advancing racial justice in our policies, institutions and culture. | Race Forward Skip to main content Main navigation Learn About Us Our Story Our Mission, Vi",https://www.raceforward.org/,research_results/documents/parsed/6edb45aeefba069c869f50585373f1c6.txt,6edb45aeefba069c869f50585373f1c6,5019,third_party:www.raceforward.org,,,equity; racial justice; equitable,,policy,procurement; training; housing
2,Framework/influence,www.raceforward.org,text/html; charset=UTF-8,"Advancing racial justice in our policies, institutions and culture. | Race Forward Skip to main content Main navigation Learn About Us Our Story Our Mission, Vi",http://www.raceforward.org/,research_results/documents/parsed/13a8dbfefb0e62ac8f3861aa3b6c4758.txt,13a8dbfefb0e62ac8f3861aa3b6c4758,5019,third_party:www.raceforward.org,,,equity; racial justice; equitable,,policy,procurement; training; housing
2,Infrastructure noise,en.wikipedia.org,text/html; charset=UTF-8,CURIE - Wikipedia Jump to content Main menu Main menu move to sidebar hide Navigation Main page Contents Current events Random article About Wikipedia Contact u,https://en.wikipedia.org/wiki/CURIE,research_results/documents/parsed/e09418552bffc631d834012946662292.txt,e09418552bffc631d834012946662292,4769,third_party:en.wikipedia.org,,,accessibility,,rule; policy; standard,housing
2,Government/operations,www.hud.gov,text/html; charset=UTF-8,HUD Home | HUD.gov / U.S. Department of Housing and Urban Development (HUD) Skip to main content An official website of the United States Government Here’s how ,https://www.hud.gov/,research_results/documents/parsed/1171b9007c447304c2078fde38778fb3.txt,1171b9007c447304c2078fde38778fb3,4636,third_party:www.hud.gov,,,accessibility; dei,,policy; contract,procurement; housing
2,Government/operations,www.oregonmetro.gov,text/html; charset=UTF-8,"Metro Skip to main content collapse all Events News and stories Tools and data Contact Language hub Metro logo, to the homepage Open menu Close menu What Metro ",https://www.oregonmetro.gov/,research_results/documents/parsed/78c1b6400b5d5a077a730e1abdd3a397.txt,78c1b6400b5d5a077a730e1abdd3a397,4421,third_party:www.oregonmetro.gov,,,equity; accessibility,,contract,hiring; procurement; training; housing
2,Framework/influence,www.racialequityalliance.org,text/html; charset=utf-8,Home - GARE Online Community Skip main navigation (Press Enter). Log in Toggle navigation Who We Are About Us Our Approach Our Impact Careers at GARE Join Us Me,https://www.racialequityalliance.org/home,research_results/documents/parsed/0e1e03d72717fb6325339c86021d7ea8.txt,0e1e03d72717fb6325339c86021d7ea8,4359,third_party:www.racialequityalliance.org,,,equity; racial justice; social justice,,policy; governing,housing
2,Government/operations (PDF),,,Oregon Buys,file://research_results/documents/raw/c2c9284f53c491b8423127ffa00215af.pdf,research_results/documents/parsed/c2c9284f53c491b8423127ffa00215af.txt,c2c9284f53c491b8423127ffa00215af,4171,third_party:batch_parallel,ocrmypdf_force+pdftotext,2025-12-31T03:32:01.156498,equity,,policy; contract; required,procurement; housing
2,Government/operations,www.hudexchange.info,text/html;charset=UTF-8,Welcome to HUD Exchange - HUD Exchange Skip to main content NEED HOUSING ASSISTANCE? Email Updates Log In HUD Exchange Search Toggle navigation Search Form titl,https://www.hudexchange.info/,research_results/documents/parsed/5b94e8a5df0af6d0ee9bdeaa10261e5e.txt,5b94e8a5df0af6d0ee9bdeaa10261e5e,4140,third_party:www.hudexchange.info,,,accessibility,,policy; regulation,hiring; procurement; training; housing
2,Framework/influence,www.raceforward.org,text/html; charset=UTF-8,"Messages to Grow and Uproot: Narrative Strategy Amid Attacks on Diversity, Equity, Inclusion, and Racial Justice | Race Forward Skip to main content Main naviga",https://www.raceforward.org/resources/toolkits/messages-grow-and-uproot-narrative-strategy-amid-attacks-diversity-equity,research_results/documents/parsed/19fe65d220983b78d9b82406f68a7436.txt,19fe65d220983b78d9b82406f68a7436,2946,third_party:www.raceforward.org,,,equity; racial justice; inclusion; diversity,,policy,training; housing
2,Framework/influence,raceforward.org,text/html; charset=UTF-8,"Race Reporting Guide | Race Forward Skip to main content Main navigation Learn About Us Our Story Our Mission, Vision, and Values Our Strategic Plan Annual Repo",https://www.raceforward.org/reporting-guide,research_results/documents/parsed/9e33ebe3140361da05a5258ac1ccdc88.txt,9e33ebe3140361da05a5258ac1ccdc88,2931,third_party:raceforward.org,,,equity; racial justice; equitable,,policy; standard,training; housing
2,Framework/influence,www.racialequityalliance.org,text/html; charset=utf-8,GARE Public Resources - GARE Online Community Skip main navigation (Press Enter). Log in Toggle navigation Who We Are About Us Our Approach Our Impact Careers a,https://www.racialequityalliance.org/viewdocument/democracy-resilience-toolkit-promp,research_results/documents/parsed/b5954653ff0f6fe3eeb0aa5b63479bda.txt,b5954653ff0f6fe3eeb0aa5b63479bda,2803,third_party:www.racialequityalliance.org,,,equity; racial justice; marginalized; equitable,,policy; governing,housing
2,Framework/influence,www.racialequityalliance.org,text/html; charset=utf-8,GARE Public Resources - GARE Online Community Skip main navigation (Press Enter). Log in Toggle navigation Who We Are About Us Our Approach Our Impact Careers a,https://www.racialequityalliance.org/viewdocument/pending-ai-new-southern-strategie-13,research_results/documents/parsed/d1dfa8ffa6c838ec2140e5832a73076b.txt,d1dfa8ffa6c838ec2140e5832a73076b,2708,third_party:www.racialequityalliance.org,,,equity,,policy,housing
2,Framework/influence,www.raceforward.org,text/html; charset=UTF-8,"2024 Annual Report | Race Forward Skip to main content Main navigation Learn About Us Our Story Our Mission, Vision, and Values Our Strategic Plan Annual Report",https://www.raceforward.org/2024-annual-report,research_results/documents/parsed/3280f67cdb07a327ce492b515521ebce.txt,3280f67cdb07a327ce492b515521ebce,2434,third_party:www.raceforward.org,,,equity; equitable,,policy,training; housing
2,Government/operations,oregonbuys.gov,text/html; charset=utf-8,We Provide Procurement Transformation Solutions | Periscope Holdings Menu For Buyers NIGP Solutions For Suppliers Contact Us For Buyers NIGP Solutions Who We Ar,https://www.periscopeholdings.com/who-we-are?p=who-we-are,research_results/documents/parsed/98c9506cf4fdebe9ad866266418748db.txt,98c9506cf4fdebe9ad866266418748db,2035,third_party:oregonbuys.gov,,,diversity,,compliance; policy,hiring; procurement; housing
2,Framework/influence,opportunityagenda.org,text/html; charset=UTF-8,You searched for {search_term_string - The Opportunity Agenda Skip to content Search What We’ve Achieved Fellowship Programs Creative Change Retreat Narrative R,https://opportunityagenda.org/?s=%7Bsearch_term_string,research_results/documents/parsed/3d2f61921dcdc94801c90a0fee237047.txt,3d2f61921dcdc94801c90a0fee237047,1358,third_party:opportunityagenda.org,,,equity,,compliance; policy,housing
2,Other third-party,x.com,text/html,About X | Our company and priorities Skip to main content About X platform X.com Status Accessibility Embed a post Privacy Center Transparency Center Download t,https://about.x.com/en,research_results/documents/parsed/41cd297c4c4771fffe814705e9bd37fd.txt,41cd297c4c4771fffe814705e9bd37fd,1083,third_party:x.com,,,accessibility,,rule,hiring
2,Framework/influence,opportunityagenda.org,text/calendar; charset=UTF-8,BEGIN:VCALENDAR VERSION:2.0 PRODID:-//The Opportunity Agenda - ECPv6.15.0.1//NONSGML v1.0//EN CALSCALE:GREGORIAN METHOD:PUBLISH X-WR-CALNAME:The Opportunity Age,https://opportunityagenda.org/events/?ical=1,research_results/documents/parsed/942ef0696af0624037562a90533f3a2f.txt,942ef0696af0624037562a90533f3a2f,961,third_party:opportunityagenda.org,,,equity,,standard,
2,Framework/influence,www.racialequityalliance.org,text/html; charset=utf-8,- GARE Online Community Skip main navigation (Press Enter). Log in Toggle navigation Who We Are About Us Our Approach Our Impact Careers at GARE Join Us Members,https://www.racialequityalliance.org/resources/public-sector-jobs-,research_results/documents/parsed/c03fa557fce41394cb3254c013c5736b.txt,c03fa557fce41394cb3254c013c5736b,913,third_party:www.racialequityalliance.org,,,equity,,policy,
2,Framework/influence,www.racialequityalliance.org,text/html; charset=utf-8,- GARE Online Community Skip main navigation (Press Enter). Log in Toggle navigation Who We Are About Us Our Approach Our Impact Careers at GARE Join Us Members,https://www.racialequityalliance.org/about,research_results/documents/parsed/9613353fa3a8e6ccd6e9a982d4da3ddc.txt,9613353fa3a8e6ccd6e9a982d4da3ddc,913,third_party:www.racialequityalliance.org,,,equity,,policy,
1,Government/operations,www.hud.gov,text/html; charset=UTF-8,Contact information for FHEO Offices | HUD.gov / U.S. Department of Housing and Urban Development (HUD) Skip to main content An official website of the United S,https://www.hud.gov/contactus/fairhousing,research_results/documents/parsed/60836bb392b2f12f39e28102c4ae36fa.txt,60836bb392b2f12f39e28102c4ae36fa,5840,third_party:www.hud.gov,,,accessibility,,,housing
1,Infrastructure noise,tinyurl.com,text/html;charset=utf-8,Umatilla Superintendent Heidi Sipe Selected for COSA Colt Gill Leadership Award | Umatilla School District Skip to content Umatilla School District Building Bri,https://www.umatilla.k12.or.us/article/2583213,research_results/documents/parsed/3ab0972aa46f257cd03b2af722485308.txt,3ab0972aa46f257cd03b2af722485308,4110,third_party:tinyurl.com,,,underserved,,,procurement; training; housing
1,Government/operations,www.hud.gov,text/html; charset=UTF-8,Office of Equal Employment Opportunity: No Fear Act | HUD.gov / U.S. Department of Housing and Urban Development (HUD) Skip to main content An official website ,https://www.hud.gov/no-fear-act,research_results/documents/parsed/ce61429f7a2184a4678907a98c463d66.txt,ce61429f7a2184a4678907a98c463d66,3077,third_party:www.hud.gov,,,accessibility,,,hiring; housing
1,Framework/influence,opportunityagenda.org,application/rss+xml; charset=UTF-8,"<?xml version=""1.0"" encoding=""UTF-8""?><rss version=""2.0"" xmlns:content=""http://purl.org/rss/1.0/modules/content/"" xmlns:wfw=""http://wellformedweb.org/CommentAPI",https://opportunityagenda.org/feed/,research_results/documents/parsed/a6118b290fad4b795a070b61557b3182.txt,a6118b290fad4b795a070b61557b3182,1200,third_party:opportunityagenda.org,,,racial justice; social justice,,,
1,Framework/influence,opportunityagenda.org,application/rss+xml; charset=UTF-8,"<?xml version=""1.0"" encoding=""UTF-8""?><rss version=""2.0"" xmlns:content=""http://purl.org/rss/1.0/modules/content/"" xmlns:dc=""http://purl.org/dc/elements/1.1/"" xm",https://opportunityagenda.org/comments/feed/,research_results/documents/parsed/457312611cef31a2cfe6e349011f468e.txt,457312611cef31a2cfe6e349011f468e,860,third_party:opportunityagenda.org,,,racial justice; social justice,,,
1,Government/operations,www.oregon.gov,text/html; charset=utf-8,Oregon.gov : State of Oregon Oregon.gov Top Services Top Links Looking for a State Agency? Search Agencies Looking for an Online Service? Search Services Featur,https://www.oregon.gov/Pages/index.aspx,research_results/documents/parsed/43a842a53cfa511e1bc88276a0352d1c.txt,43a842a53cfa511e1bc88276a0352d1c,720,third_party:www.oregon.gov,,,accessibility,,,hiring; housing; community engagement
